med_type,pref_code,med_code,name,address,phone,opener,manager,depts,beds,designated_date,source
診療所,31,0110685,医療法人　山本外科内科医院,鳥取市末広温泉町１２５－２,0857-23-2064,医療法人　山本外科内科医院　理事長　山本　尚,山本　尚,内科　外科　整形外科　麻酔科　リハビリテーション科　精神科　心療内科　形成外科,,平10. 5. 1,ika
病院,31,0110750,医療法人メンタルリカバリーセンター　幡病院,鳥取市雲山５７,0857-22-2346,医療法人メンタルリカバリーセンター幡病院　理事長　幡　雄一郎,幡　雄一郎,精神　精,120,昭44. 4. 14,ika
病院,31,0110818,渡辺病院,鳥取市東町３丁目３０７番地,0857-24-1151,社会医療法人　明和会医療福祉センター　理事長　渡辺　憲,渡辺　憲,精神　療養　精　心内　神内　内,258,昭32. 10. 1,ika
病院,31,0110842,鳥取赤十字病院,鳥取市尚徳町１１７,0857-24-8111,日本赤十字社　社長　清家　篤,竹内　裕美,一般　内　脳内　小　外　整外　脳外　皮　ひ　産婦　眼　耳い　放　麻　歯外　リウ　循環器内科　心外　病理　リハ　精　頭頸部外科　救命　消化器内科　形外,350,昭46. 2. 1,ika
病院,31,0111097,鳥取県立中央病院,鳥取市江津７３０,0857-26-2271,鳥取県知事　平井　伸治,千酌　浩樹,一般　結核　一般（感染）　内科　心臓内科　血液内科　腫瘍内科　精　脳内　小　外　整外　形外　脳外　心外　小外　皮　ひ　産婦　眼　耳い　リハ　放　麻　歯外　呼内　消化器外科　消化器内科　病理　臨床検査科　リウマチ・膠原病内科　救命　糖尿病・内分泌・代謝内科　腎臓内科　呼吸器・乳腺・内分泌外科,508,昭50. 5. 22,ika
診療所,31,0111642,田村内科眼科,鳥取市末広温泉町２０２,0857-22-0555,田村　公平,田村　公平,内　胃　循　眼,,昭62. 10. 12,ika
診療所,31,0111659,東部医師会急患診療所,鳥取市富安１丁目５８番地１,0857-22-2782,一般社団法人鳥取県東部医師会　会長　石谷　暢男,石谷　暢男,内　小,,平13. 3. 27,ika
診療所,31,0111717,石丸こどもクリニック,鳥取市天神町３１－２,0857-26-1400,石丸　昌宏,石丸　昌宏,小　アレ,,昭63. 10. 19,ika
診療所,31,0111725,医療法人社団　加藤整形外科医院,鳥取市片原２丁目１１１,0857-22-7522,医療法人社団加藤整形外科医院　理事長　加藤　泰之,加藤　泰之,整形外科　リハビリテーション科　リウマチ科,,平元. 2. 1,ika
診療所,31,0111758,医療法人社団　大覚寺クリニック,鳥取市吉成２０６－１,0857-26-6123,医療法人社団　大覚寺クリニック　理事長　佐々木　知啓,佐々木　知啓,内　外　麻　歯,,平8. 9. 1,ika
診療所,31,0111766,医療法人　前嶋眼科医院,鳥取市元町２２６,0857-26-5131,医療法人　前嶋眼科医院　理事長　前嶋　檀,八田　史郎,一般　眼科,,平元. 4. 1,ika
診療所,31,0111782,医療法人　北室内科医院,鳥取市西町３丁目１１０番地,0857-26-1433,医療法人北室内科医院　理事長　北室　知巳,北室　知巳,内科　呼吸器内科,,平元. 7. 1,ika
診療所,31,0111832,西尾内科クリニック,鳥取市岩倉４４６－２３,0857-26-6070,医療法人成和会西尾内科クリニック　理事長　西尾　昌憲,西尾　昌憲,内科　消化器科　循環器科,,平元. 7. 1,ika
診療所,31,0111857,大源眼科医院,鳥取市吉方温泉４丁目７００－１,0857-22-0528,医療法人社団瞳会大源眼科　理事長　大源　和彦,大源　和彦,眼科,,平元. 7. 1,ika
診療所,31,0111923,早瀬医院,鳥取市川端５丁目１０６,0857-23-3357,医療法人早瀬医院　理事長　早瀬　智広,早瀬　智広,内科　胃腸科　循環器科,,平元. 10. 1,ika
診療所,31,0111949,医療法人社団　田中医院,鳥取市浜坂２丁目９－１５,0857-27-0121,医療法人社団田中医院　理事長　田中　開,田中　開,内科　小児科,,平元. 10. 1,ika
診療所,31,0111972,上山整形外科医院,鳥取市湖山町東２丁目１０３,0857-28-0315,医療法人上山整形外科医院　理事長　上山　奎自,上山　奎自,整形外科　外科　リハビリテーション科　リウマチ科,,平元. 10. 1,ika
診療所,31,0111998,医療法人　庄司医院分院,鳥取市湖山町北１丁目５４７番地,0857-28-2611,医療法人庄司医院分院　理事長　庄司　眞喜,庄司　眞喜,耳い　内,,平元. 10. 1,ika
診療所,31,0112004,堀内医院,鳥取市湖山町南１丁目６２３番地,0857-28-1009,堀内　正人,堀内　正人,内　呼内,,平元. 10. 16,ika
診療所,31,0112012,寺岡医院,鳥取市吉岡温泉町１３５－３,0857-57-0108,寺岡　均,寺岡　均,内　消　小,,平18. 3. 1,ika
診療所,31,0112020,医療法人　イナカ内科医院,鳥取市正蓮寺４３,0857-24-5167,医療法人イナカ内科医院　理事長　稲中　義幸,稲中　義幸,内科　消化器科　循環器科　小児科,,平2. 4. 1,ika
診療所,31,0112053,医療法人　橋本外科医院,鳥取市大杙２０４－３,0857-29-1281,医療法人橋本外科医院　理事長　橋本　篤徳,橋本　篤徳,一般　療養　外科　内科　リハビリテーション科　小児外科,,平2. 4. 1,ika
診療所,31,0112087,医療法人　田中整形外科医院,鳥取市行徳１丁目３３２番地,0857-27-3021,医療法人田中整形外科医院　理事長　田中　宏和,田中　宏和,整外　リハ,,平2. 11. 1,ika
診療所,31,0112129,竹田内科医院,鳥取市本町２丁目１０９,0857-22-4320,医療法人竹田内科医院　理事長　塩田　容通,塩田　容通,内,,平3. 9. 1,ika
病院,31,0112137,尾﨑病院,鳥取市湖山町北２丁目５５５,0857-28-6616,医療法人社団尾﨑病院　理事長　尾﨑　舞,鱸　俊朗,一般　療養　内　外　整外　リハ　脳内　呼内　透析　循環器内科　糖尿病内科,120,平3. 10. 1,ika
診療所,31,0112160,石谷小児科医院,鳥取市上魚町１３番地,0857-22-3354,医療法人石谷小児科医院　理事長　石谷　暢男,石谷　暢男,小児科,,平4. 1. 1,ika
診療所,31,0112178,岡本医院,鳥取市津ノ井２５８－２,0857-53-2028,医療法人岡本医院　理事長　岡本　欣也,岡本　欣也,内科　消化器科　小児科,,平4. 3. 1,ika
診療所,31,0112186,医療法人　ささき皮フ科整形外科クリニック,鳥取市岩倉４５２－３０,0857-24-8100,医療法人ささき皮フ科整形外科クリニック　理事長　野﨑　絵里子,野﨑　絵里子,整形外科　皮膚科　リハビリテーション科　リウマチ科　美容皮膚科,,平4. 4. 1,ika
診療所,31,0112194,麻木クリニック,鳥取市松並町２丁目５０２－１,0857-23-3387,医療法人社団麻木クリニック　理事長　麻木　宏栄,麻木　宏栄,耳鼻咽喉科　気管食道内科　内科　小児科　皮膚科　アレルギー科,,平4. 5. 1,ika
診療所,31,0112236,たなか小児科医院,鳥取市興南町７６番地,0857-21-1222,医療法人たなか小児科医院　理事長　田中　清,田中　淸,小児科,,平4. 8. 1,ika
診療所,31,0112269,栄町クリニック,鳥取市栄町２１１－２,0857-21-3111,松浦　順子,松浦　喜房,内科　呼吸器科　消化器科　循環器科　小児科　アレルギー科,,平4. 12. 1,ika
診療所,31,0112319,医療法人　安陪内科医院,鳥取市吉方温泉３丁目８１１番地の２,0857-26-6675,医療法人安陪内科医院　理事長　安陪　隆明,安陪　隆明,内科　消化器科,,平5. 4. 1,ika
診療所,31,0112327,宮﨑内科医院,鳥取市吉成２丁目１４－３３,0857-21-1717,医療法人宮﨑医院　理事長　宮﨑　博実,宮﨑　博実,内　消化器内科,,平5. 7. 1,ika
診療所,31,0112343,医療法人社団　よしだ内科医院,鳥取市湖山町北６丁目４４８－１,0857-31-1118,医療法人社団よしだ内科医院　理事長　吉田　眞人,吉田　眞人,内　神内　小　循環器内科,,平5. 8. 1,ika
診療所,31,0112368,医療法人社団　谷口医院,鳥取市南町４２５番地,0857-22-2332,医療法人社団谷口医院　理事長　谷口　昌弘,谷口　昌弘,内　消　循　呼,,平6. 2. 1,ika
診療所,31,0112384,鳥取県立精神保健福祉センター,鳥取市江津３１８番地１,0857-21-3031,鳥取県知事　平井　伸治,原田　豊,精　神,,平6. 4. 1,ika
診療所,31,0112400,明穂整形外科,鳥取市扇町１１－３,0857-37-1313,医療法人明穂整形外科　理事長　明穂　政裕,明穂　政裕,整形外科　リハビリテーション科,,平10. 5. 1,ika
病院,31,0112418,鳥取市立病院,鳥取市的場一丁目１番地,0857-37-1522,鳥取市長　深澤　義彦,大石　正博,一般　内　神内　精　外　脳外　整外　産婦　小　眼　皮　ひ　耳い　放　麻　リハ　歯　病理　消化器内科　消化器外科　臨床　血液内科　救命　循環器内科,340,平7. 4. 8,ika
病院,31,0112426,鳥取産院,鳥取市吉方温泉１丁目６５３番地,0857-23-3151,医療法人アスピオス　理事長　村江　正始,村江　正始,一般　産婦　内　小,,平7. 4. 1,ika
病院,31,0112434,医療法人緑会　上田病院,鳥取市西町１丁目４５１,0857-22-4319,医療法人緑会　上田病院　理事長　上田　武郎,塩﨑　かおる,精神　精　神　内,,平7. 4. 1,ika
診療所,31,0112467,医療法人　松岡内科,鳥取市賀露町南１丁目１８番１６号,0857-31-3111,医療法人松岡内科　理事長　松岡　孝至,松岡　孝至,内科　糖尿病内科　神経内科　腎臓内科　リウマチ科,,平7. 8. 1,ika
診療所,31,0112491,医療法人社団　横浜小児科内科医院,鳥取市覚寺５６－１,0857-21-7000,医療法人社団横浜小児科内科医院　理事長　横濱　雄介,横濱　雄介,内科　小児科　消化器科　呼吸器科　循環器科,,平7. 8. 1,ika
診療所,31,0112525,きむら耳鼻咽喉科医院,鳥取市富安１丁目７６－２,0857-37-1611,医療法人きむら耳鼻咽喉科医院　理事長　木村　寛,木村　寛,耳鼻咽喉科　気管食道科,,平10. 11. 1,ika
診療所,31,0112533,松下内科医院,鳥取市雲山１１３番地１,0857-21-0002,医療法人　松下内科医院　理事長　松下　浩志,松下　浩志,内科　呼吸器科　消化器科　循環器科,,平10. 10. 1,ika
診療所,31,0112566,おけがわ眼科,鳥取市叶２９３－１２,0857-53-2115,桶川　了二,桶川　了二,眼,,平9. 6. 7,ika
診療所,31,0112632,いしこ内科循環器科医院,鳥取市湖山町南３丁目３０１－１,0857-37-3200,石河　利一郎,石河　利一郎,内科　循環器科　胃腸科,,平10. 10. 6,ika
診療所,31,0112640,しばた耳鼻咽喉科医院,鳥取市雲山２３３－５,0857-23-1155,医療法人しばた耳鼻咽喉科医院　理事長　柴田　伊十児,柴田　伊十児,耳鼻咽喉科　気管食道科　アレルギー科,,平10. 11. 25,ika
診療所,31,0112665,はまゆう診療所,鳥取市野寺６２番地１,0857-51-7800,医療法人賛幸会　理事長　田中　彰,田中　敬子,内　皮　外,,平11. 7. 15,ika
病院,31,0112707,ウェルフェア北園渡辺病院,鳥取市覚寺１８１,0857-27-1151,社会医療法人　明和会医療福祉センター　理事長　渡辺　憲,橋口　浩一,療養　精神　内　神内　精　リハ,120,平16. 3. 30,ika
診療所,31,0112723,こはまクリニック,鳥取市湖山町南１丁目８３０－１,0857-37-3211,小濱　美昭,小濱　美昭,内　呼内　消化器内科　循環器内科,,平12. 11. 6,ika
診療所,31,0112772,こどもクリニックふかざわ,鳥取市南隈５６５番,0857-32-1700,深澤　哲,深澤　哲,小　アレ,,平13. 11. 16,ika
診療所,31,0112780,せいきょう子どもクリニック,鳥取市末広温泉町５６６番地,0857-27-2211,鳥取医療生活協同組合　組合長理事　皆木　眞一,森田　元章,小　アレ,,平13. 12. 1,ika
診療所,31,0112806,医療法人社団　みやもと産婦人科医院,鳥取市叶２９３番地７,0857-51-7717,医療法人社団みやもと産婦人科医院　理事長　宮本　直隆,宮本　直隆,一般　産婦,,平14. 2. 1,ika
診療所,31,0112822,宮﨑眼科クリニック,鳥取市永楽温泉町１０５－３,0857-36-0380,宮﨑　義則,宮﨑　義則,眼,,平14. 4. 25,ika
診療所,31,0112830,医療法人　タグチアイブイエフレディースクリニック,鳥取市覚寺６３番地６,0857-39-2121,医療法人タグチレディースクリニック　理事長　田口　俊章,田口　俊章,一般　産　婦,,平14. 4. 1,ika
診療所,31,0112848,おくだこどもクリニック,鳥取市湖山町東３丁目６７番地,0857-31-2222,医療法人社団おくだこどもクリニック　理事長　奥田　浩史,奥田　浩史,小　循　アレ,,平14. 5. 1,ika
診療所,31,0112889,いわさわ医院,鳥取市若葉台南６丁目２３－２６,0857-52-7822,医療法人いわさわ医院　理事長　岩澤　利典,岩澤　利典,内　小　消,,平15. 3. 1,ika
診療所,31,0112897,医療法人　三木眼科,鳥取市松並町１丁目１６８－１４,0857-39-1133,医療法人　三木眼科　理事長　三木　統夫,三木　統夫,一般　眼,,平15. 4. 1,ika
診療所,31,0112921,野の花診療所,鳥取市行徳３丁目４３１,0857-36-0087,医療法人社団　野の花診療所　理事長　徳永　進,徳永　進,一般　内科　呼吸器内科　心療内科,,平16. 3. 1,ika
診療所,31,0112939,医療法人社団　こばやし内科,鳥取市宮長９－１,0857-51-7373,医療法人社団こばやし内科　理事長　大廻　あゆみ,大廻　あゆみ,内科　消化器科　循環器科,,平16. 3. 1,ika
診療所,31,0112947,いわした耳鼻咽喉科医院,鳥取市叶３２０番地１,0857-38-4133,医療法人社団　いわした耳鼻咽喉科医院　理事長　岩下　和人,岩下　和人,耳鼻咽喉科　アレルギー科　気管食道耳鼻いんこう科　小児耳鼻いんこう科,,平16. 4. 1,ika
診療所,31,0112970,前田医院,鳥取市西品治６４４－１,0857-37-0102,前田　宏治,前田　宏治,内科　外科　小児科　麻酔科,,平16. 9. 5,ika
診療所,31,0113036,宮本医院,鳥取市福部町海士３５９－７,0857-38-1300,宮本　二郎,宮本　二郎,内　小,,平14. 4. 10,ika
診療所,31,0113044,医療法人社団　岸医院,鳥取市河原町河原４８,0858-85-0218,医療法人社団岸医院　理事長　岸　良光,岸　良光,内科　外科　小児科　循環器科　消化器科,,平元. 10. 1,ika
診療所,31,0113077,荻原医院,鳥取市河原町長瀬８２－１,0858-85-0454,医療法人社団荻原医院　理事長　原　嘉洋,原　嘉洋,内　小,,平6. 11. 4,ika
診療所,31,0113085,加藤医院,鳥取市用瀬町用瀬３８２,0858-87-2440,加藤　達生,加藤　達生,内科　小児科　外科　整形外科　循環器内科　消化器内科,,平11. 5. 13,ika
診療所,31,0113101,医療法人　井上医院,鳥取市用瀬町用瀬４５７－６,0858-87-2755,医療法人　井上医院　理事長　井上　雅史,井上　雅史,一般　療養　内科　外科　小児外科　胃腸科,,平元. 10. 1,ika
診療所,31,0113119,医療法人　林医院,鳥取市用瀬町鷹狩７２２－１,0858-87-2033,医療法人林医院　理事長　林　裕史,林　裕史,内　小　呼　循　消　糖尿病内科・内分泌内科,,平12. 4. 1,ika
診療所,31,0113127,加藤医院佐治出張診療所,鳥取市佐治町加瀬木２２３５,0858-88-0229,加藤　達生,加藤　達生,内科　小児科　外科　整形外科　循環器内科　消化器内科,,平11. 5. 13,ika
診療所,31,0113143,鳥取市佐治町国民健康保険診療所（医科）,鳥取市佐治町加瀬木２１７１－２,0858-88-0127,鳥取市長　深澤　義彦,有田　和正,内科　小児科,,平16. 11. 1,ika
診療所,31,0113150,浜村診療所,鳥取市気高町勝見６６０－２,0857-82-0137,医療法人社団　浜村診療所　理事長　生駒　義人,生駒　義人,内　循　外　小,,平9. 10. 1,ika
診療所,31,0113168,太田原医院,鳥取市気高町宝木８２７－５,0857-82-0953,太田原　美子,太田原　美子,内　小　耳い,,昭41. 7. 1,ika
病院,31,0113184,鳥取医療生協　鹿野温泉病院,鳥取市鹿野町今市２４２番地,0857-84-2311,鳥取医療生活協同組合　組合長理事　竹内　勤,竹内　勤,療養　内　精　神内　外　整外　脳外　リハ,,昭43. 8. 20,ika
診療所,31,0113200,医療法人社団　乾医院,鳥取市鹿野町鹿野１０９１番地５,0857-84-2250,医療法人社団乾医院　理事長　乾　俊彦,乾　俊彦,内　小,,平3. 11. 1,ika
診療所,31,0113218,和順堂記念医院,鳥取市青谷町青谷４４６－５,0857-85-2020,医療法人清蓮会和順堂記念医院　理事長　木下　俊昭,木下　俊昭,内科　整形外科　リハビリテーション科　消化器内科　漢方内科,,平元. 10. 1,ika
診療所,31,0113234,福永医院,鳥取市青谷町青谷４３０６－１１,0857-85-0953,医療法人社団　福永医院　理事長　福永　康作,福永　康作,内　小　ひ,,平8. 9. 1,ika
診療所,31,0113242,田中医院,鳥取市青谷町井手５７５,0857-85-5050,田中　彰彦,田中　彰彦,内科　小児科,,平10. 11. 5,ika
診療所,31,0113259,石田医院,鳥取市青谷町青谷４０３２番地１９,0857-85-0258,医療法人　石田医院　理事長　大津　千晴,大津　千晴,内科　小児科,,平16. 7. 1,ika
診療所,31,0113275,はやしクリニック,鳥取市湖山町南２丁目１８１－２,0857-32-2121,医療法人　はやしクリニック　理事長　林　貴史,林　貴史,整形外科　内科　外科　リハビリテーション科,,平17. 1. 1,ika
診療所,31,0113291,葉狩皮膚科クリニック,鳥取市今町１丁目５０２,0857-36-9500,葉狩　良孝,葉狩　良孝,皮膚科,,平17. 4. 23,ika
診療所,31,0113333,医療法人社団　本城内科クリニック,鳥取市湯所町２丁目１１０番地,0857-39-1010,医療法人社団本城内科クリニック　理事長　本城　一郎,本城　一郎,内　消,,平18. 8. 1,ika
診療所,31,0113366,まつだ内科医院,鳥取市叶２８４－１,0857-38-4777,医療法人まつだ内科医院　理事長　松田　裕之,松田　裕之,内　消,,平18. 12. 1,ika
診療所,31,0113374,塩田医院,鳥取市源太１０１－１,0857-30-1110,塩田　容通,塩田　容通,内,,平18. 12. 1,ika
診療所,31,0113382,なわだ内科クリニック,鳥取市青葉町三丁目１０１番地２,0857-25-1155,縄田　隆平,縄田　隆平,内　呼内,,平19. 2. 13,ika
診療所,31,0113432,もとだクリニック,鳥取市国府町宮下１１６５番地,0857-30-3711,元田　欽也,元田　欽也,内　小　呼　循　消,,平19. 4. 16,ika
診療所,31,0113440,医療法人社団　竹内内科医院,鳥取市本町５丁目２０２番地,0857-22-2317,医療法人社団　竹内内科医院　理事長　竹内　一昭,竹内　一昭,内　消　循　呼,,平19. 7. 1,ika
診療所,31,0113457,にしうら皮膚科,鳥取市宮長２５８－１,0857-53-7180,西浦　清一,西浦　清一,皮,,平19. 8. 3,ika
診療所,31,0113465,ふなもとクリニック,鳥取市古海７１５－２,0857-30-1611,船本　愼作,船本　愼作,内　外　リハ,,平19. 9. 4,ika
診療所,31,0113481,石井内科小児科クリニック,鳥取市布勢３３２－４,0857-31-1141,石井　泰史,石井　泰史,内　消　小　アレ,,平19. 12. 18,ika
病院,31,0113499,鳥取生協病院,鳥取市末広温泉町４５８番地,0857-24-7251,鳥取医療生活協同組合　組合長理事　皆木　眞一,岡田　睦博,一般　内　精　神内　呼　消　循　小　外　整外　脳外　リハ　放　麻　リウ　アレ　透析,260,平20. 3. 1,ika
診療所,31,0113507,おかだ内科,鳥取市富安２丁目１４９,0857-30-3750,岡田　克夫,岡田　克夫,消化器内科　内　神内　精,,平20. 4. 14,ika
診療所,31,0113515,公益財団法人　鳥取県保健事業団健診センター,鳥取市富安２丁目９４番４,0857-23-4841,公益財団法人　鳥取県保健事業団　理事長　秋藤　洋一,平尾　正人,内　婦,,平20. 5. 1,ika
診療所,31,0113523,医療法人社団　野津医院,鳥取市卯垣四丁目１０１,0857-22-8605,医療法人社団野津医院　理事長　野津　史博,野津　史博,内,,平20. 10. 1,ika
診療所,31,0113549,鳥取北クリニック,鳥取市賀露町４０１２番地,0857-32-7111,医療法人　健章会　理事長　菊川　章仁,菊川　章仁,婦　内,,平20. 10. 1,ika
診療所,31,0113580,山根整形外科クリニック,鳥取市南隈４８３番地,0857-31-4837,医療法人Ｙ’ｓクリニック　理事長　山根　弘次,山根　弘次,整形外科　リウマチ科　リハビリテーション科,,平21. 10. 1,ika
診療所,31,0113614,こころの発達クリニック,鳥取市立川町５丁目４１７番地,0857-50-0033,社会福祉法人鳥取こども学園　理事長　藤野　謙一,川口　孝一,精神科　小児科　内科,,平22. 4. 1,ika
診療所,31,0113622,医療法人　さとに田園クリニック,鳥取市里仁５４番地２,0857-30-1515,医療法人さとに田園クリニック　理事長　太田　匡彦,太田　匡彦,内　ひ　腎臓内科　整外　リハ　糖尿病内科　透析　消化器内科　呼内,,平22. 10. 1,ika
診療所,31,0113630,よねだクリニック,鳥取市気高町北浜三丁目１３１番地１,0857-37-6123,米田　一彦,米田　一彦,内科　呼吸器内科,,平22. 10. 1,ika
診療所,31,0113648,医療法人社団　三樹会　吉野・三宅ステーションクリニック,鳥取市扇町１７６番地,0857-21-8825,医療法人社団　三樹会　理事長　三宅　茂樹,三宅　茂樹,ひ　人工透析　内　リハ　腎臓内科　循環器内科,,平23. 7. 18,ika
診療所,31,0113671,たなかクリニック,鳥取市吉方温泉３丁目８０７,0857-24-1101,田中　俊輔,田中　俊輔,整外　リウ,,平24. 7. 1,ika
診療所,31,0113689,にしまち診療所　悠々,鳥取市西町５丁目１０８番地,0857-25-6523,社会福祉法人こうほうえん　理事長　廣江　晃,米谷　康,内　外　リハ,,平24. 7. 2,ika
診療所,31,0113697,たかすリウマチ・整形外科クリニック,鳥取市叶２８８番地１１,0857-51-7115,医療法人　たかすリウマチ・整形外科クリニック　理事長　髙須　宣行,髙須　宣行,リウ　整外,,平24. 11. 1,ika
診療所,31,0113721,髙田医院,鳥取市湖山町東１丁目１１７－３ジョイフレンド１階,0857-30-6860,髙田　耕吉,髙田　耕吉,心内　精,,平25. 6. 1,ika
診療所,31,0113739,やまもとクリニック,鳥取市田園町２丁目１５７番地,0857-50-0066,山本　寛子,山本　寛子,内　整外　リウ　リハ　消化器内科,,平25. 11. 1,ika
診療所,31,0113762,おか内科クリニック,鳥取市江津４０７番地２,0857-30-2111,医療法人桂枝会　理事長　岡　新治,岡　新治,内　漢方内科　小　皮　アレ,,平27. 2. 2,ika
診療所,31,0113788,池田外科医院,鳥取市興南町８－２,0857-27-5151,池田　光之,池田　光之,一般　外科　肛門外科　肛門内科　胃腸科　小児外科,,平28. 4. 1,ika
診療所,31,0113796,里仁皮膚科,鳥取市里仁５６－１,0857-28-5050,河上　真巳,河上　真巳,皮膚科,,平28. 6. 1,ika
診療所,31,0113812,公益財団法人中国労働衛生協会　鳥取検診所,鳥取市湖山町東四丁目９５番１号,0857-31-6666,公益財団法人中国労働衛生協会　理事長　高尾　俊弘,大川　智久,消化器内科,,平29. 3. 1,ika
診療所,31,0113820,宍戸医院,鳥取市田島７１６,0857-29-4410,宍戸　英俊,宍戸　英俊,内　外　リハ　胃腸内科,,平29. 7. 1,ika
診療所,31,0113846,おおたけ脳神経・漢方内科クリニック,鳥取市晩稲４３７番３,0857-28-7025,大竹　実,大竹　実,脳外　脳内　漢方内科,,平29. 11. 1,ika
診療所,31,0113853,クリニックこくふ,鳥取市国府町新通り二丁目２０２番地,0857-50-1328,医療法人共済会　理事長　清水　正人,日野　理彦,内　整外　リハ,,平30. 1. 1,ika
診療所,31,0113861,下田神経内科クリニック,鳥取市大工町頭３３番地,0857-32-7020,医療法人優風会　理事長　下田　優,下田　優,神内　内,,平30. 3. 1,ika
診療所,31,0113879,延寿の杜ホームクリニック,鳥取市賀露町４１６２,0857-30-6901,一般社団法人いなば仁風会　代表理事　野口　壮士,野口　壮士,内　精,,平30. 4. 1,ika
診療所,31,0113887,シティクリニック,鳥取市晩稲３４８イオンモール鳥取北２階,0857-30-5090,青木　大介,青木　大介,眼,,平30. 6. 1,ika
診療所,31,0113895,内科・消化器内科　片原ごとうクリニック,鳥取市片原４丁目１１１番地,0857-51-0510,後藤　大輔,後藤　大輔,内　他,,平30. 7. 1,ika
診療所,31,0113903,医療法人医新会　よろずクリニック,鳥取市美萩野１丁目１１８－４,0857-59-0433,医療法人医新会　理事長　萬　憲彰,萬　憲彰,内　消化器内科,,平30. 9. 1,ika
診療所,31,0113911,おおたに　こども・ファミリークリニック,鳥取市国府町新通り３丁目３０１－１,0857-51-1221,大谷　英之,大谷　英之,小　アレ,,平30. 10. 1,ika
診療所,31,0113929,さくらレディースクリニック田園町,鳥取市田園町二丁目１５５番地,0857-25-4103,医療法人協和会　理事長　上垣　憲雅,岡田　誠,一般　一般　産婦,19,令元. 9. 1,ika
診療所,31,0113937,医療法人社団　かわぐちクリニック,鳥取市幸町９５番１,0857-30-0020,医療法人社団かわぐちクリニック　理事長　川口　馨,川口　馨,整外　眼　リハ,,令元. 11. 1,ika
診療所,31,0113945,クリニック陽まり,鳥取市南吉方３丁目５２２番地,0857-30-1525,医療法人さとに田園クリニック　理事長　太田　匡彦,大畠　領,内　ひ　整外　リハ　腎臓内科　糖尿病内科　透析　消化器内科,,令2. 4. 1,ika
診療所,31,0113952,鳥取県立鳥取療育園,鳥取市江津７３０番地,0857-29-8889,鳥取県知事　平井　伸治,稲垣　真澄,脳神経小児科,,令2. 3. 16,ika
診療所,31,0113986,中安脳神経・内科クリニック,鳥取市松並町２丁目５０３－７,0857-30-6633,中安　弘幸,中安　弘幸,脳内　内,,令3. 4. 1,ika
診療所,31,0113994,たけうち耳鼻いんこう科,鳥取市里仁５４－８,0857-50-0311,医療法人　くすの木　理事長　竹内　裕一,竹内　裕一,耳い　アレ　小児耳鼻いんこう科　気管食道・耳鼻いんこう科,,令3. 6. 1,ika
診療所,31,0114000,とっとの杜　こどもハビリテーションクリニック,鳥取市国府町麻生９１番地３,0857-30-7730,医療法人とっとの杜　理事長　前岡　幸憲,前岡　幸憲,リハビリテーション科　神経小児科　児童精神科　心療内科,,令4. 5. 1,ika
診療所,31,0114018,医療法人　わたなべクリニック,鳥取市南隈４４０番地,0857-50-0071,医療法人わたなべクリニック　理事長　渡　健志,渡　健志,泌尿器科　腎臓内科　皮膚科　内科,,令4. 6. 1,ika
診療所,31,0114026,すがクリニック,鳥取市湖山町東２丁目１４０番地１,0857-30-8830,菅　敏光,菅　敏光,内科　循環器内科　心臓内科,,令4. 11. 1,ika
診療所,31,0114034,だんばらクリニック,鳥取市富安３３０－１,0857-54-1020,医療法人葵会　理事長　檀原　尚典,檀原　尚典,内科　糖尿病内科　内分泌内科,,令5. 2. 1,ika
診療所,31,0114059,かげしま心臓血管・内科クリニック,鳥取市安長２５７番１,0857-30-6733,影嶋　健二,影嶋　健二,内　心臓内科　循環器内科　心臓リハビリテーション科,,令5. 10. 1,ika
診療所,31,0114067,千代水の森　おなかと内科のクリニック,鳥取市千代水２丁目９７,0857-50-0743,田中　久雄,田中　久雄,内　消化器内科,,令6. 5. 1,ika
診療所,31,0114075,すえひろ生協診療所,鳥取市末広温泉町２０３レインボービル３Ｆ,0857-30-6140,鳥取医療生活協同組合　組合長理事　皆木　眞一,皆木　眞一,内　外　緩和ケア外科,,令6. 9. 1,ika
診療所,31,0114083,よろず温熱療法クリニック,鳥取市美萩野１丁目１１８番地５,0857-32-5555,医療法人医新会　理事長　萬　憲彰,本　志考,内　消化器内科,,令7. 3. 1,ika
診療所,31,0114091,山脇医院,鳥取市国府町奥谷３丁目３３７番地,0857-23-1811,医療法人社団内科小児科山脇医院　理事長　山脇　敏正,山脇　美登里,内　小　脳内　リハ　循環器内科,,令7. 10. 15,ika
診療所,31,0114109,とっとり在宅ケア・漢方クリニック,鳥取市吉成南町１丁目２７番１４,0857-30-7760,一般社団法人ＬＳＣ　代表理事　德山　直美,德山　直美,内　漢方内科,,令8. 4. 1,ika
診療所,31,0114117,鳥取ペインクリニック,鳥取市川端１丁目２０１,0857-22-3633,薛　隆生,薛　隆生,ペインクリニック内科　麻　内　リハ,,令8. 4. 1,ika
病院,31,0210022,養和病院,米子市上後藤３丁目５－１,0859-29-5351,医療法人養和会　理事長　廣江　智,野坂　仁愛,精神　療養　精　神内　内　リハ　形外,152,昭32. 5. 1,ika
診療所,31,0210063,山本整形外科医院,米子市大篠津町１１１６,0859-28-8026,山本　仁,山本　仁,整形外科　麻酔科　リハビリテーション科　リウマチ科,,平10. 1. 3,ika
病院,31,0210261,医療法人育生会　高島病院,米子市西町６番地,0859-32-7711,医療法人育生会　高島病院　理事長　浦辺　千晶,梅田　整一,一般　療養　外　整外　脳外　皮　呼外　内　リハ　麻　脳内　消化器外科　消化器内科　血管外科　肛門外科　救命　ひ,,昭32. 10. 1,ika
診療所,31,0210295,太田医院,米子市東町３０５番地,0859-34-3098,太田　道雄,太田　道雄,外科　肛門科　胃腸科　皮膚科,,平10. 8. 5,ika
病院,31,0210444,鳥取県立総合療育センター,米子市上福原七丁目１３番３号,0859-38-2155,鳥取県知事　平井　伸治,小枝　達也,一般　小　精　整外　リハ　歯　耳い　皮,,昭38. 4. 1,ika
病院,31,0210451,独立行政法人労働者健康安全機構　山陰労災病院,米子市皆生新田１丁目８番１号,0859-33-8181,独立行政法人労働者健康安全機構　理事長　大西　洋英,萩野　浩,一般　内　精　脳内　外　脳外　心外　皮　ひ　眼　耳い　リハ　麻　歯外　整外　循環器内科　放　小　産婦　病理　消化器内科　呼吸器・感染症内科　糖尿病・代謝内科　腎臓内科　消化器外科,363,昭38. 6. 1,ika
診療所,31,0210477,医療法人社団　中村医院,米子市上後藤３丁目１－６,0859-29-3795,医療法人社団　中村医院　理事長　中村　暢宏,中村　暢宏,内　胃　小,,平9. 10. 1,ika
病院,31,0210766,医療法人勤誠会　米子病院,米子市日原３１９番地の１,0859-26-1611,医療法人勤誠会　理事長　福村　文雄,貫名　秀,精神　精　心内　神内,270,昭44. 9. 1,ika
診療所,31,0210980,米子医療生活協同組合　米子診療所,米子市博労町３丁目８０－１,0859-34-1201,米子医療生活協同組合　理事長　梶野　大,竹内　秀維,内　小　リハ,,昭32. 10. 1,ika
病院,31,0211079,社会医療法人同愛会　博愛病院,米子市両三柳１８８０,0859-29-1100,社会医療法人同愛会　理事長　石部　裕一,岡　保明,一般　療養　内科　血液内科　肝臓内科　糖尿病内科　呼内　外　整外　皮　リハ　産婦　麻　放　眼　ひ　消化器内科　消化器外科　循環器内科　肛門外科　透析　臨床検査科　脳内　内分泌内科　乳腺外科　腎臓外科（臓器移植）　アレルギー疾患内科,161,昭32. 10. 1,ika
診療所,31,0211095,弓場医院,米子市旗ケ崎２丁目１２－１０,0859-34-3303,山藤　靖展,山藤　靖展,内　小　外,,昭52. 3. 1,ika
診療所,31,0211236,西部医師会急患診療所,米子市久米町１３６番地,0859-34-6253,公益社団法人　鳥取県西部医師会　会長　藤瀬　雅史,藤瀬　雅史,内　小,,昭54. 11. 1,ika
診療所,31,0211384,神鳥眼科医院,米子市博労町４丁目３３１,0859-34-0555,神鳥　高世,神鳥　高世,一般　眼,,昭57. 6. 15,ika
病院,31,0211392,医療法人友紘会　皆生温泉病院,米子市皆生新田３丁目７番８号,0859-32-9119,医療法人　友紘会　理事長　林　豊行,森本　兼人,療養　内　整外　脳外　神内　リハ　循環器内科,145,平9. 7. 1,ika
診療所,31,0211624,母と子の長田産科婦人科クリニック,米子市上後藤８丁目５番１号,0859-29-3131,医療法人社団愛生会　理事長　長田　昭夫,長田　昭夫,一般　産　婦　小,,昭63. 7. 1,ika
診療所,31,0211673,医療法人社団　松浦診療所,米子市東町１６３番地,0859-22-2446,医療法人社団松浦診療所　理事長　松浦　隆,松浦　隆,内科　小児科,,平元. 4. 1,ika
診療所,31,0211681,医療法人社団　荒川耳鼻咽喉科,米子市東福原６丁目１２番４３号,0859-33-8300,医療法人社団荒川耳鼻咽喉科　理事長　荒川　雄司,荒川　雄司,耳鼻咽喉科,,平元. 4. 1,ika
診療所,31,0211699,医療法人社団　細田内科医院,米子市角盤町３丁目１６９,0859-22-5783,医療法人社団細田内科医院　理事長　細田　明秀,細田　明秀,内　小　消　循環器内科,,平元. 4. 1,ika
診療所,31,0211756,田辺内科胃腸科医院,米子市道笑町４丁目９５,0859-33-2010,医療法人社団田辺医院　理事長　田邊　嘉直,田邊　嘉直,内科　胃腸科,,平元. 4. 1,ika
診療所,31,0211772,医療法人　下山医院,米子市上福原５丁目５番４３号,0859-32-8252,医療法人下山医院　理事長　下山　晶樹,下山　晶樹,内科　呼吸器内科　循環器内科　消化器内科　肝臓内科　内分泌代謝内科,,平元. 4. 1,ika
診療所,31,0211806,医療法人社団　宝意内科医院,米子市万能町１６番地,0859-22-2790,医療法人社団宝意内科医院　理事長　寳意　規嗣,寳意　規嗣,内科　消化器内科,,平元. 7. 1,ika
診療所,31,0211814,医療法人社団　山田内科医院,米子市錦町１丁目３９番地,0859-32-2355,医療法人社団山田内科医院　理事長　山田　晴成,山田　晴成,内科　循環器内科　呼吸器内科,,平元. 4. 1,ika
診療所,31,0211830,野口内科クリニック,米子市角盤町４丁目５番地２,0859-22-6700,医療法人社団野口内科クリニック　理事長　野口　俊之,野口　俊之,内科　呼吸器科　消化器科　循環器科　小児科　リハビリテーション科　アレルギー科,,平元. 10. 1,ika
診療所,31,0211848,医療法人社団　周防内科医院,米子市上後藤７丁目３番２７号,0859-29-2080,医療法人社団周防内科医院　理事長　長谷川　真弓,長谷川　真弓,内科　消化器科,,平元. 10. 1,ika
診療所,31,0211897,医療法人社団　本田医院,米子市八幡７０３,0859-26-0155,医療法人社団本田医院　理事長　本田　彬,本田　守,内科　糖尿病内科　内分泌内科,,平元. 10. 1,ika
診療所,31,0211947,医療法人　中曽産科婦人科医院,米子市西福原４丁目８－４１,0859-22-5360,医療法人中曽産科婦人科医院　理事長　中曽　庸博,中曽　崇也,一般　産科　婦人科,,平2. 4. 1,ika
診療所,31,0211954,医療法人　上福原内科クリニック,米子市上福原５７８－６,0859-32-7550,医療法人上福原内科クリニック　理事長　徳本　明秀,徳本　明秀,人工透析内科　内科　胃腸科　循環器科　呼吸器科　アレルギー科,,平2. 4. 1,ika
診療所,31,0211962,魚谷眼科医院,米子市上後藤２丁目３－３,0859-22-2246,医療法人社団魚谷眼科医院　理事長　魚谷　純,魚谷　純,眼,,平2. 6. 1,ika
診療所,31,0211988,医療法人社団　山口外科医院,米子市夜見町２７８６－４,0859-29-0355,医療法人社団山口外科医院　理事長　山口　研一,山口　研一,外　消化器外科,,平2. 8. 1,ika
診療所,31,0212002,医療法人社団　吹野内科・消化器科・小児科クリニック,米子市米原７丁目１－４５,0859-33-5200,医療法人社団吹野内科・消化器科・小児科クリニック　理事長　吹野　陽一,吹野　陽一,内　消化器内科　小,,平2. 12. 1,ika
診療所,31,0212069,林原医院,米子市博労町４丁目３６０,0859-33-2210,医療法人社団林原医院　理事長　林原　伸治,林原　伸治,形外　美外　皮　ひ,,平3. 8. 1,ika
診療所,31,0212119,医療法人社団　健クリニック,米子市中町１２３－３,0859-32-1123,医療法人社団健クリニック　理事長　福嶋　建三,福嶋　建三,小児科　呼吸器内科　アレルギー科,,平4. 8. 1,ika
診療所,31,0212127,医療法人社団清仁会　野坂医院,米子市上新印２５６番地の６,0859-27-0610,医療法人社団清仁会　理事長　野坂　美仁,野坂　美仁,内科　消化器科　小児科,,平4. 8. 1,ika
診療所,31,0212176,医療法人社団　永井整形外科医院,米子市上後藤１丁目８番２６号,0859-33-8866,医療法人社団永井整形外科医院　理事長　永井　琢己,永井　琢己,整形外科　皮膚科　リハビリテーション科　放射線科　リウマチ科,,平5. 3. 1,ika
診療所,31,0212184,真誠会セントラルクリニック,米子市河崎５８０,0859-29-0099,医療法人真誠会　理事長　前田　浩寿,春日　正隆,内　呼内　リハ　放　消化器内科　透析　呼吸器・膠原病内科　外　糖尿病内科　泌尿器内科　精　循環器内科,,平5. 3. 1,ika
診療所,31,0212192,医療法人社団　白石医院,米子市安倍１２９－３,0859-24-0008,医療法人社団白石医院　理事長　白石　康博,白石　眞博,内科　循環器科　小児科　アレルギー科,,平5. 4. 1,ika
診療所,31,0212226,木村皮膚科クリニック,米子市東福原３丁目８－５８,0859-33-9182,医療法人社団木村皮膚泌尿器科医院　理事長　木村　有佑,木村　良子,皮　小児皮膚科　美容皮膚科,,平5. 9. 16,ika
診療所,31,0212234,谷本こどもクリニック,米子市榎原１８８８－３,0859-26-3030,谷本　要,谷本　要,小　アレ　外　小外,,平5. 10. 13,ika
診療所,31,0212267,ミオ・ファティリティ・クリニック,米子市車尾南２丁目１番１号,0859-35-5211,医療法人社団ミオ・ファティリティ・クリニック　理事長　見尾　保幸,見尾　保幸,一般　産婦　麻,,平6. 1. 1,ika
診療所,31,0212275,野坂内科医院,米子市博労町１丁目４８番地３,0859-31-0707,野坂　康雄,野坂　康雄,内　小　消化器内科,,平6. 5. 2,ika
診療所,31,0212283,若原内科外科医院,米子市三本松１丁目６－３,0859-35-3272,若原　秀雄,若原　秀雄,内　外　呼内　循環器内科,,平6. 6. 15,ika
診療所,31,0212291,田耳鼻咽喉科医院,米子市河崎６０５－１,0859-29-1187,医療法人社団田耳鼻咽喉科医院　理事長　田　哲朗,田　哲朗,耳い,,平6. 7. 1,ika
診療所,31,0212309,医療法人成尚会　米子南クリニック,米子市奥谷１１３５ー７,0859-39-7777,医療法人成尚会　米子南クリニック　理事長　山内　教宏,山内　教宏,内科　呼吸器科　循環器科　麻酔科,,平10. 10. 1,ika
診療所,31,0212317,岩本医院,米子市尾高３０４０－５,0859-27-5581,医療法人社団　岩本医院　理事長　岩本　好吉,岩本　好吉,内　胃,,平13. 5. 1,ika
診療所,31,0212325,旗ケ崎内科クリニック,米子市旗ケ崎９丁目１４－２９,0859-24-5188,医療法人旗ケ崎内科クリニック　理事長　石井　敏雄,石井　敏雄,内科　消化器内科　リハビリテーション科　放射線科,,平11. 1. 1,ika
診療所,31,0212333,消化器クリニック米川医院,米子市両三柳８８０－１,0859-29-1170,米川　正夫,米川　正夫,一般　消化器内科　肛門外科　内　外,,平7. 1. 1,ika
診療所,31,0212366,松田内科クリニック,米子市尾高８６２－１８,0859-27-9280,医療法人社団松田医院　理事長　松田　潔,松田　潔,内科　神経内科　小児科,,平7. 4. 3,ika
診療所,31,0212374,小竹内科循環器クリニック,米子市角盤町２丁目１０１－６,0859-35-8757,医療法人社団小竹内科循環器クリニック　理事長　小竹　寛,小竹　寛,内　循環器内科,,平12. 4. 1,ika
診療所,31,0212382,おおたか診療所,米子市尾高２７４０－１,0859-27-9190,米子医療生活協同組合　理事長　梶野　大,越田　俊也,内科　小児科　リハビリテーション科,,平7. 5. 1,ika
診療所,31,0212408,こどもクリニックかさぎ,米子市中町７６－２,0859-22-2700,笠木　正明,笠木　正明,小児科　アレルギー科,,平7. 5. 1,ika
診療所,31,0212424,左野皮膚科,米子市夜見町１９２４－３,0859-24-1299,左野　喜實,左野　喜實,皮膚科　形成外科　アレルギー科,,平8. 4. 1,ika
診療所,31,0212465,阿部クリニック,米子市福市２２７６－１,0859-39-7000,阿部　博章,阿部　博章,耳い　小,,平8. 6. 7,ika
診療所,31,0212481,医療法人社団　いけだ整形外科クリニック,米子市安倍１２６－１,0859-48-1200,医療法人社団いけだ整形外科クリニック　理事長　池田　正樹,池田　正樹,整外　リハ,,平12. 4. 1,ika
診療所,31,0212523,いわさき皮膚科クリニック,米子市福市８６２－９,0859-39-7102,岩崎　和美,岩崎　和美,皮,,平9. 7. 16,ika
診療所,31,0212580,もりむら皮フ科クリニック,米子市道笑町４丁目１２１－１０,0859-23-4112,森村　司,森村　司,皮　形外　アレ,,平11. 6. 23,ika
診療所,31,0212606,弓ヶ浜診療所,米子市富益町１１２８,0859-25-6030,米子医療生活協同組合　理事長　梶野　大,梶野　大,内　小　皮　リハ,,平11. 11. 4,ika
診療所,31,0212671,かわたに医院,米子市車尾南１丁目８番３０号,0859-35-8888,川谷　俊夫,川谷　俊夫,内　小,,平13. 12. 18,ika
診療所,31,0212697,メディカルストレスケア飯塚クリニック,米子市皆生温泉２丁目１９－３２,0859-38-5600,飯塚　浩,飯塚　浩,心内　精　内,,平14. 4. 1,ika
診療所,31,0212705,ふくいちクリニック,米子市福市１６６８－７,0859-26-6777,青戸　一伯,青戸　一伯,内　脳外　神内　リハ,,平14. 4. 1,ika
診療所,31,0212754,加藤クリニック,米子市皆生３丁目６－３２,0859-35-7000,加藤　卓,加藤　卓,内　呼内　胃腸内科　放,,平14. 5. 13,ika
診療所,31,0212762,脇田産婦人科医院,米子市中町１２３番地５,0859-33-1031,医療法人社団　脇田ウィメンズヘルスケアセンター　理事長　脇田　邦夫,脇田　邦夫,一般　産婦,,平14. 7. 1,ika
診療所,31,0212788,なかしま耳鼻咽喉科医院,米子市道笑町４丁目１２２番地１,0859-31-2088,医療法人なかしま耳鼻咽喉科医院　理事長　中島　幹夫,中島　幹夫,耳い,,平14. 9. 1,ika
診療所,31,0212796,佐古眼科医院,米子市加茂町２丁目２１５番地,0859-22-2742,佐古　博恒,佐古　博恒,眼,,平14. 11. 1,ika
診療所,31,0212812,渡辺内科医院,米子市皆生温泉１丁目１２番３２号,0859-22-5601,渡　貴,渡　貴,内　他,,平15. 1. 3,ika
診療所,31,0212820,医療法人　たじま医院,米子市錦海町１丁目１０番６号,0859-23-5800,医療法人たじま医院　理事長　但馬　啓子,但馬　啓子,小　内,,平15. 3. 1,ika
診療所,31,0212838,赤ちゃん・こどもクリニックしんざわ,米子市新開５丁目１番９号メディビル４３１,0859-39-2539,医療法人　赤ちゃん・こどもクリニックしんざわ　理事長　新澤　毅,新澤　毅,小　アレ,,平15. 4. 1,ika
診療所,31,0212879,山本クリニック,米子市車尾南１丁目８番３２号,0859-31-8500,医療法人社団やまもと　理事長　山本　泰久,山本　泰久,泌尿器科　美容皮膚科,,平15. 9. 1,ika
診療所,31,0212887,キッズクリニック　うめはら,米子市皆生新田３丁目１－１７,0859-31-6020,梅原　俊介,梅原　俊介,小児科,,平15. 10. 6,ika
診療所,31,0212903,鎌沢マタニティークリニック,米子市熊党１４２－７,0859-27-1355,医療法人社団　鎌沢産科婦人科医院　理事長　鎌澤　俊二,鎌澤　俊二,一般　産科　婦人科,,平16. 1. 1,ika
診療所,31,0212929,あだち脳神経外科クリニック,米子市西福原１－１－１２,0859-33-5125,芦立　久,芦立　久,脳神経外科　外科　神経内科,,平16. 2. 2,ika
診療所,31,0212937,いしはら皮膚科クリニック,米子市新開６丁目５番２４号,0859-38-4112,石原　政彦,石原　政彦,皮膚科　形成外科,,平16. 4. 17,ika
診療所,31,0212960,うえます内科小児科クリニック,米子市安倍３８－２,0859-48-1000,医療法人社団　うえますクリニック　理事長　上桝　次郎,上桝　次郎,内科　小児科,,平16. 7. 1,ika
診療所,31,0212994,瀧田整形外科医院,米子市角盤町４丁目１４５－１,0859-32-9121,田　寿彦,田　寿彦,整形外科　リウマチ科　リハビリテーション科,,平16. 9. 24,ika
診療所,31,0213000,大賀内科クリニック,米子市西福原４丁目２番１号,0859-22-5220,大賀　秀樹,大賀　秀樹,内科　呼吸器科　消化器科,,平16. 11. 5,ika
診療所,31,0213026,根津整形外科医院,米子市西福原６丁目１番２８号,0859-22-4111,医療法人社団　根津整形外科医院　理事長　根津　勝,根津　勝,整形外科　リハビリテーション科　リウマチ科,,平17. 2. 1,ika
診療所,31,0213042,井田レディースクリニック,米子市東町２２８番地,0859-32-3300,医療法人井田レディースクリニック　理事長　井田　尚志,井田　尚志,産科　婦人科,,平17. 3. 1,ika
診療所,31,0213067,永原医院,米子市淀江町西原１０２９－４１,0859-56-5678,永原　裕,永原　裕,内科　小児科,,昭61. 5. 7,ika
診療所,31,0213083,淀江クリニック,米子市淀江町淀江６８２,0859-56-6611,神庭　誠,神庭　誠,内　神内,,平3. 6. 1,ika
診療所,31,0213133,中西眼科クリニック,米子市淀江町西原１２０３－３,0859-37-4400,中西　祥治,中西　祥治,眼,,平12. 4. 19,ika
診療所,31,0213166,とみます医科・歯科クリニック,米子市富益町３５３３番地２,0859-25-6600,医療法人社団　ＦＯＬ　理事長　田　裕,田　裕,外　内　整外　リハ　歯,,平17. 10. 1,ika
病院,31,0213182,錦海リハビリテーション病院,米子市錦海町３丁目４番５号,0859-34-2300,社会福祉法人こうほうえん　理事長　廣江　晃,角田　賢,療養　リハ,,平18. 3. 21,ika
診療所,31,0213190,安達医院,米子市両三柳２０４８,0859-22-9500,安達　敏明,安達　敏明,内　小,,平18. 4. 1,ika
診療所,31,0213216,やまがた整形外科クリニック,米子市上福原１４５５－２２,0859-37-3700,山形　泰司,山形　泰司,整外　リハ　リウ,,平18. 4. 12,ika
診療所,31,0213232,とよだクリニック,米子市立町１丁目４９番地,0859-33-1712,豐田　早苗,豐田　早苗,精　心内　内　神内,,平18. 4. 21,ika
診療所,31,0213265,ふじせクリニック,米子市両三柳５４８０番地,0859-23-2255,医療法人社団ふじせクリニック　理事長　藤瀬　雅史,藤瀬　雅史,内　胃,,平19. 6. 1,ika
診療所,31,0213273,山県整形外科医院,米子市旗ケ崎１丁目５番６号,0859-31-6651,医療法人社団山県整形外科医院　理事長　山縣　昇,山縣　昇,整外　リハ,,平19. 6. 1,ika
病院,31,0213299,米子東病院,米子市淀江町佐陀２１６９番地,0859-56-5232,社会医療法人仁厚会　理事長　藤井　一博,森尾　泰夫,療養　リハ　整外　内　神内　精　循環器内科　リウ,,平19. 6. 1,ika
診療所,31,0213315,たなか内科クリニック,米子市浦津２２２番地の１７,0859-37-0700,医療法人　誠良会　理事長　田中　隆司,田中　隆司,内　消化器内科　循環器内科　小,,平19. 7. 1,ika
診療所,31,0213323,メンタルケア＆カウンセリング　はまざきクリニック,米子市安倍４８番地１,0859-30-0600,医療法人社団　はまざきクリニック　理事長　山田　武史,山田　武史,精　心内,,平19. 7. 1,ika
診療所,31,0213331,医療法人　ファミリークリニック　せぐち小児科,米子市西福原９丁目１６－２６,0859-38-0780,医療法人ファミリークリニックせぐち小児科　理事長　瀬口　正史,瀬口　正史,小　アレ　循　内,,平19. 7. 1,ika
診療所,31,0213349,伊藤内科胃腸科医院,米子市上福原３丁目３番７３号,0859-22-2714,伊藤　慎哉,伊藤　慎哉,内　胃　小　放,,平19. 7. 19,ika
診療所,31,0213364,医療法人社団　ひだまりクリニック,米子市車尾南１丁目１２番４１号,0859-37-5188,医療法人社団　ひだまりクリニック　理事長　前田　晃央,前田　晃央,内　外,,平19. 11. 1,ika
診療所,31,0213380,都田内科医院,米子市紺屋町１３３,0859-22-5065,都田　裕之,都田　裕之,内　循環器内科　心内　精,,平20. 1. 1,ika
診療所,31,0213398,ながお整形外科クリニック,米子市尾高９０４番地３,0859-37-0133,医療法人社団　ながお　理事長　長尾　勝人,長尾　勝人,整外　リハ　リウ,,平20. 1. 1,ika
病院,31,0213406,新田外科胃腸科病院,米子市中島２丁目１番４６号,0859-33-1100,医療法人　昌生会　理事長　新田　一豊,新田　一豊,療養　内　外　胃　整外　循　呼　リハ,,平20. 4. 1,ika
診療所,31,0213414,中尾耳鼻咽喉科医院,米子市角盤町１丁目６３番地２,0859-22-2566,中尾　圭介,中尾　圭介,耳い,,平20. 4. 1,ika
診療所,31,0213422,彦名レディスライフクリニック,米子市彦名町２８５６－３,0859-29-0159,井庭　信幸,井庭　信幸,一般　産　婦,,平20. 8. 1,ika
診療所,31,0213430,かたやま心の健康クリニック,米子市長砂町５４－１３,0859-32-9555,片山　郁子,片山　郁子,精　心内,,平20. 10. 25,ika
診療所,31,0213448,松井眼科,米子市淀江町佐陀２１２９番地２,0859-37-4811,松井　博美,松井　博美,眼,,平20. 12. 22,ika
診療所,31,0213463,米子中海クリニック,米子市彦名町１２５０番地,0859-24-1501,医療法人厚生会　理事長　渡邉　淨司,渡邉　淨司,内　循環器内科　消化器内科　外　整外　消化器外科,,平21. 4. 1,ika
診療所,31,0213521,さくま内科・脳神経内科クリニック,米子市長砂町５９－１,0859-30-2000,医療法人　聡智会　理事長　佐久間　研司,佐久間　研司,内科　神経内科　リハビリテーション科,,平22. 7. 1,ika
診療所,31,0213539,やまもと整形外科クリニック,米子市米原６丁目６－４,0859-21-7000,山本　敦史,山本　敦史,整形外科　リウマチ科　リハビリテーション科,,平22. 8. 4,ika
診療所,31,0213554,しみず皮膚科医院,米子市角盤町４丁目２３,0859-32-1112,能美　晶子,能美　晶子,皮膚科　形成外科　美容皮膚科,,平22. 10. 1,ika
診療所,31,0213562,おかだ内科クリニック,米子市夜見町３０４３番地１,0859-48-1750,医療法人　おかだ内科クリニック　理事長　岡田　昭嗣,岡田　昭嗣,内科　神経内科,,平22. 10. 1,ika
診療所,31,0213570,住吉内科眼科クリニック,米子市安倍２００番地１,0859-30-0215,医療法人明勝会　住吉内科眼科クリニック　理事長　藤山　勝巳,藤山　勝巳,内科　消化器科　呼吸器科　循環器科　眼科,,平22. 10. 1,ika
診療所,31,0213588,山﨑整形外科クリニック,米子市夜見町２４４６－１,0859-21-1121,山﨑　大輔,山﨑　大輔,整形外科　リハビリテーション科　リウマチ科,,平23. 4. 20,ika
診療所,31,0213612,井上皮膚科小児皮膚科クリニック,米子市加茂町１丁目２５,0859-30-3600,医療法人社団　井上クリニック　理事長　井上　禎規,井上　禎規,皮　形外　アレ　小児皮膚科　美容皮膚科,,平23. 10. 1,ika
診療所,31,0213638,堤消化器・内科クリニック,米子市両三柳２０７０番地１３,0859-39-2230,医療法人社団　堤消化器・内科クリニック　理事長　堤　貴司,堤　貴司,内　消　内視鏡内科,,平24. 1. 4,ika
診療所,31,0213646,にしがみ眼科,米子市新開二丁目１番４５号,0859-39-1117,医療法人社団　にしがみ眼科　理事長　西上　哲弘,西上　哲弘,眼,,平24. 3. 1,ika
診療所,31,0213661,米子こどもクリニック,米子市車尾南一丁目１５番４８号,0859-30-3456,医療法人　田本会　理事長　田本　直弘,岡田　晋一,小　新生児内科　アレ　内,,平24. 10. 1,ika
診療所,31,0213679,両三柳クリニック,米子市両三柳４４８２番地１０,0859-30-2877,竹本　直明,竹本　直明,内　外,,平24. 10. 1,ika
診療所,31,0213687,面谷内科・循環器内科クリニック,米子市道笑町４丁目２２１－１,0859-38-1600,医療法人面谷内科・循環器内科クリニック　理事長　面谷　博紀,面谷　博紀,内　呼内　循環器内科　消化器内科,,平25. 3. 1,ika
診療所,31,0213695,たにぐちクリニック,米子市尾高９０４－１,0859-21-8070,谷口　哲也,谷口　哲也,内　外　消化器内科,,平25. 8. 1,ika
診療所,31,0213711,ふなこし眼科ペインクリニック,米子市紺屋町１５,0859-23-2754,医療法人　ふなこし眼科　理事長　船越　泰作,船越　泰作,眼　麻,,平25. 10. 1,ika
診療所,31,0213729,成実ひふ科クリニック,米子市石井６９９－１,0859-26-4518,森　美知子,森　美知子,皮,,平25. 11. 21,ika
診療所,31,0213745,子育て長田こどもクリニック,米子市上後藤７－１－５８,0859-29-1515,医療法人子育て長田こどもクリニック　理事長　長田　郁夫,長田　郁夫,小　アレ　新生児内科,,平26. 7. 1,ika
診療所,31,0213752,公益財団法人中国労働衛生協会　米子検診所,米子市二本木５０１－６,0859-37-1819,公益財団法人中国労働衛生協会　理事長　高尾　俊弘,髙野　友爾,消化器内科,,平26. 11. 1,ika
診療所,31,0213760,かねだ眼科,米子市八幡７１８－１,0859-26-5522,金田　周三,金田　周三,眼,,平27. 1. 6,ika
診療所,31,0213778,公益財団法人鳥取県保健事業団　西部健康管理センター,米子市流通町１５８番地２４,0859-39-3288,公益財団法人鳥取県保健事業団　理事長　秋藤　洋一,加藤　弘明,内,,平27. 6. 1,ika
診療所,31,0213786,小酒外科医院,米子市福市１７３０－１０,0859-26-2266,小酒　慶一,小酒　慶一,外　内　胃　整外,,平27. 5. 30,ika
診療所,31,0213794,いしだ心のクリニック,米子市西倉吉町７１番地,0859-30-2226,医療法人社団いしだ心のクリニック　理事長　石田　寿人,石田　寿人,精神科　神経内科　心療内科,,平28. 1. 4,ika
診療所,31,0213802,ふなきこどもクリニック,米子市西福原１１－２,0859-33-1128,舩木　聡,舩木　聡,小児科,,平28. 6. 1,ika
診療所,31,0213810,医療法人　川田内科医院,米子市皆生温泉一丁目４番１号,0859-32-1878,医療法人川田内科医院　理事長　川田　秀一,川田　秀一,内科　小児科　循環器内科　消化器内科,,平28. 7. 1,ika
診療所,31,0213828,はしもとクリニック内科・呼吸器科,米子市大崎１２７７番地１,0859-28-6667,医療法人すめらぎ　理事長　橋本　潔,橋本　潔,内科　呼吸器内科,,平28. 10. 1,ika
診療所,31,0213836,富長眼科クリニック,米子市東福原６丁目５－６１,0859-36-2525,富長　岳史,富長　岳史,眼科,,平28. 11. 1,ika
診療所,31,0213844,米子中央クリニック,米子市車尾二丁目１７番８号,0859-21-1177,医療法人社団ＡＳＴ　理事長　安部　良,安部　良,内科　アレルギー科　リハビリテーション科　小児科　消化器内科,,平28. 12. 1,ika
診療所,31,0213851,米子内科糖尿病ｃｌｉｎｉｃ,米子市新開２丁目１番４３号,0859-30-4321,医療法人　田本会　理事長　田本　直弘,塩地　英希,内　糖尿病・代謝内科　アレ　老年内科,,平29. 6. 1,ika
診療所,31,0213869,きのしたメンタルクリニック,米子市大崎１２４０番地１,0859-21-1105,木下　智裕,木下　智裕,精　心内,,平29. 7. 12,ika
診療所,31,0213877,のむらニューロスリープクリニック,米子市安倍８１３－１,0859-46-0062,野村　哲志,野村　哲志,神内　内,,平30. 4. 1,ika
診療所,31,0213901,くまの内科クリニック,米子市淀江町西原１０４４－７,0859-36-8752,熊野　健太郎,熊野　健太郎,内　呼内,,平30. 9. 1,ika
診療所,31,0213935,医療法人社団　マリ医院,米子市淀江町今津１５０番地,0859-56-5111,医療法人社団マリ医院　理事長　山根　蓉子,山根　一和,内　小　外　整外　皮　胃腸内科,,平31. 3. 1,ika
診療所,31,0213943,博愛こども発達・在宅支援クリニック,米子市両三柳１８８０番地,0859-29-8010,社会医療法人同愛会　理事長　石部　裕一,玉崎　章子,一般　脳神経小児科　小,5,平31. 4. 1,ika
診療所,31,0213950,おおの医院分院・こども発達クリニック,米子市西福原３丁目９番１１号,0859-46-0811,大野　耕策,大野　耕策,小　小児精神科　神経小児科　内,,令元. 6. 1,ika
診療所,31,0213968,医療法人社団みずとり　米子西クリニック,米子市彦名町１４８０番地３,0859-30-0609,医療法人社団みずとり　理事長　松澤　充子,松澤　充子,一般　一般　内　透析,19,令元. 10. 1,ika
診療所,31,0213976,よだか診療所,米子市道笑町１丁目１１１米子大店ビル１階,0859-33-1110,前角　衣美,前角　衣美,内　緩和ケア内科,,令元. 11. 1,ika
診療所,31,0213984,くにもと耳鼻咽喉科,米子市西福原４丁目９番４８号,0859-30-3392,國本　泰臣,國本　泰臣,耳い　小児耳鼻咽喉科　アレ,,令2. 3. 1,ika
診療所,31,0213992,富長大谷内科クリニック,米子市東福原５丁目１２－１９,0859-35-3511,大谷　正史,大谷　正史,内　消化器内科　糖尿病内科,,令2. 5. 1,ika
診療所,31,0214008,おおの小児科内科医院,米子市西福原３－１０－３４,0859-35-5611,大野　光洋,大野　光洋,小　新生児内科　内　アレ　脳神経小児科,,令2. 6. 1,ika
診療所,31,0214016,ＳＯＬＡ内科・糖尿病クリニック,米子市上福原３丁目７－３０,0859-57-1037,山根　天道,山根　天道,内,,令3. 5. 1,ika
診療所,31,0214032,武本クリニック,米子市西福原４丁目９－５２,0859-57-7509,医療法人　陽武会　　理事長　武本　祐,武本　祐,内　呼内　アレ　胃腸内科,,令3. 5. 1,ika
診療所,31,0214040,よなご脳神経クリニック,米子市東福原６丁目５番１３号,0859-21-9033,医療法人ＹＢＣ　理事長　門脇　光俊,門脇　光俊,脳外　脳内　リハ,,令3. 5. 1,ika
診療所,31,0214057,在宅ケアクリニック米子,米子市米原６丁目６番６号,0859-36-8722,医療法人　寛謙会　理事長　佐々木　修治,　貴一朗,内科　外科,,令3. 7. 1,ika
診療所,31,0214065,ふくい内科クリニック,米子市上福原２丁目１７番１５号,0859-30-3999,医療法人社団ふくい内科クリニック　理事長　福井　毅顕,福井　毅顕,内科　糖尿病代謝内科　腎臓内科　内分泌内科　消化器内科,,令3. 12. 1,ika
診療所,31,0214081,社会医療法人同愛会　ふくよね博愛クリニック,米子市東福原７丁目１０－３,0859-21-0171,社会医療法人同愛会　理事長　石部　裕一,櫃田　豊,内科　呼吸器内科　糖尿病内科　消化器内科　肝臓内科　循環器内科,,令4. 4. 1,ika
診療所,31,0214099,かねこ整形外科アスリートリハビリテーションクリニック,米子市福市８６２番８,0859-21-7217,金子　忠弘,金子　忠弘,整外　リハ,,令4. 5. 7,ika
診療所,31,0214107,まつなみ医院,米子市冨士見町２丁目１０－３,0859-36-0273,松波　馨士,松波　馨士,内科　緩和ケア内科　呼吸器内科,,令4. 7. 1,ika
診療所,31,0214115,みはな耳鼻・甲状腺クリニック,米子市安倍５９－１,0859-46-0387,三宅　成智,三宅　成智,耳鼻いんこう科　甲状腺外科　頭頸部外科　小児耳鼻科,,令4. 9. 1,ika
診療所,31,0214131,しののめ診療所,米子市東町１３８,0859-21-8500,森　拓,森　拓,心内　精,,令5. 5. 1,ika
診療所,31,0214149,メディカル健診センター　米子内科クリニック,米子市西福原六丁目２番地２８号,0859-21-5471,一般財団法人いなば財団　代表理事　下田　哲也,菅村　一敬,内　消化器内科　循環器内科,,令5. 8. 1,ika
診療所,31,0214156,さのこどもクリニック,米子市安倍３４６－１,0859-21-5797,佐野　仁志,佐野　仁志,小　新生児内科　アレ　内,,令5. 11. 1,ika
診療所,31,0214164,米子あすなろクリニック,米子市目久美町９０番３９,0859-30-2081,大立　博昭,大立　博昭,精　心内　児童精神科,,令6. 4. 23,ika
診療所,31,0214172,医療法人ＹＢＣ　よなご泌尿器クリニック,米子市東福原５丁目１０番２３号,0859-21-9021,医療法人ＹＢＣ　理事長　門脇　光俊,弓岡　徹也,ひ,,令6. 10. 1,ika
診療所,31,0214198,木村あおぞらクリニック,米子市皆生新田３丁目１番９号,0859-21-8180,木村　隆誉,木村　隆誉,内　外　放,,令7. 3. 1,ika
診療所,31,0214206,鈴木クリニック,米子市上福原５８２番地５,0859-60-9011,医療法人社団鈴木クリニック　理事長　鈴木　喜雅,鈴木　喜雅,乳腺・甲状腺外科　胸外,,令7. 1. 1,ika
診療所,31,0214214,いなた眼科,米子市道笑町４－１１６－７,0859-21-1146,稲田　耕大,稲田　耕大,眼,,令7. 5. 1,ika
診療所,31,0214222,高木眼科医院,米子市車尾南一丁目１０番３８号,0859-39-1517,髙木　茂,髙木　茂,眼,,令7. 4. 1,ika
診療所,31,0214230,医療法人社団　越智内科医院,米子市加茂町１丁目１７番地７,0859-22-2503,医療法人社団　越智内科医院　理事長　越智　寛,越智　寛,内　循環器内科　消化器内科,,令7. 11. 25,ika
診療所,31,0214248,たもと内科・消化器クリニック,米子市日原字穴田６１番地１,0859-30-3381,医療法人たもと　理事長　田本　明弘,田本　明弘,内　消化器内科　老年内科　アレ,,令8. 1. 1,ika
診療所,31,0214255,真誠会　透析クリニック,米子市上福原７－２－１７,0859-36-1200,医療法人真誠会　理事長　前田　浩寿,實松　宏己,泌尿器科（人工透析）　漢方内科　腎臓内科,,令8. 3. 1,ika
診療所,31,0214263,米子南整形外科クリニック,米子市道笑町４丁目１２２番地２,0859-37-5588,医療法人ＹＳＯＣ　理事長　築谷　康人,築谷　康人,整外　リハ,,令8. 4. 1,ika
病院,31,0310020,医療福祉センター　倉吉病院,倉吉市山根４３,0858-26-1011,社会医療法人仁厚会　理事長　藤井　一博,兼子　幸一,精神　精　皮,250,昭32. 7. 1,ika
病院,31,0310186,医療法人共済会　清水病院,倉吉市宮川町１２９,0858-22-6161,医療法人共済会　理事長　清水　正人,提嶋　正,一般　整外　リウ　リハ　内　外　形外　乳腺外科　麻,,昭35. 6. 2,ika
病院,31,0310202,医療法人専仁会　信生病院,倉吉市清谷町１丁目２８６,0858-26-7773,医療法人専仁会　理事長　岸田　政実,吹野　俊介,療養　内　神内　外　整外　麻　リハ　血液内科　循環器内科　消化器内科　放射線診断科,,平10. 12. 15,ika
病院,31,0310236,鳥取県立厚生病院,倉吉市東昭和町１５０番地,0858-22-8181,鳥取県知事　平井　伸治,齊藤　博昭,一般　一般（感染）　内　呼内　精　脳内　小　外　整外　脳外　心外　皮　ひ　産婦　眼　耳い　リハ　放　麻　病理　消化器外科　消化器内科　循環器内科　胸外,304,昭38. 12. 20,ika
病院,31,0310244,医療法人里仁会　北岡病院,倉吉市明治町１０３１番地５,0858-22-3176,医療法人里仁会　理事長　松田　哲郎,松田　哲郎,一般　療養　内　外　整外　消化器外科,,昭39. 12. 1,ika
病院,31,0310277,医療法人十字会　野島病院,倉吉市瀬崎町２７１４番地１,0858-22-6231,医療法人十字会　理事長　野島　丈夫,山本　敏雄,一般　療養　内　神内　心内　外　心外　整外　脳外　形外　精　ひ　婦　眼　耳い　リハ　放　消　循　こう　麻　乳腺内分泌外科,144,昭40. 12. 28,ika
診療所,31,0310368,山本内科医院,倉吉市宮川町２丁目７６番地,0858-22-5455,山本　栄,山本　栄,内　呼内　小　アレ　神内　消化器内科　循環器内科　胃腸内科,,昭44. 6. 2,ika
診療所,31,0310418,中部休日急患診療所,倉吉市旭田町１８,0858-22-5780,公益社団法人　鳥取県中部医師会　会長　安梅　正則,安梅　正則,内　小,,昭45. 6. 1,ika
病院,31,0310459,医療法人清生会　谷口病院,倉吉市上井町１丁目１３,0858-26-1211,医療法人清生会　理事長　谷口　宗弘,谷口　宗弘,一般　皮　ひ　麻　内　リハ　腎臓内科,,昭46. 8. 3,ika
病院,31,0310608,医療法人清和会　垣田病院,倉吉市上井３０２－１,0858-26-5211,医療法人清和会　理事長　坂本　雅彦,坂本　雅彦,一般　内　呼内　眼　神内　循環器内科,,昭54. 7. 1,ika
診療所,31,0310731,医療法人社団　門脇内科医院,倉吉市山根５８６,0858-26-0607,医療法人社団　門脇内科医院　理事長　門脇　義郎,門脇　義郎,内科　胃腸科　循環器科　呼吸器科,,平元. 7. 1,ika
診療所,31,0310756,はしもと整形外科,倉吉市宮川町１７６－１１,0858-22-7211,医療法人社団　親和会　理事長　橋本　達宏,橋本　達宏,整形外科　リハビリテーション科　リウマチ科,,平元. 7. 1,ika
診療所,31,0310772,医療法人社団　西田内科,倉吉市上井町１丁目１４２,0858-26-6205,医療法人社団西田内科　理事長　西田　龍之介,西田　法孝,内科　消化器科　循環器科　呼吸器科　放射線科,,平元. 7. 1,ika
診療所,31,0310780,医療法人　岡本小児科医院,倉吉市昭和町１丁目６１,0858-22-1051,医療法人岡本小児科医院　理事長　岡本　賢,岡本　賢,小児科,,平元. 7. 1,ika
診療所,31,0310798,あけしまレディースクリニック,倉吉市幸町５０７番地１８,0858-22-6311,医療法人明生会　理事長　明島　淳吾,明島　亮二,一般　産婦人科　内科　小児科,,平元. 10. 1,ika
診療所,31,0310822,福嶋整形外科医院,倉吉市伊木２６２番地２,0858-26-2711,医療法人社団　福嶋整形外科医院　理事長　福嶋　泰夫,福嶋　泰夫,一般　整形外科　リハビリテーション科　リウマチ科　内科　漢方内科　ペインクリニック整形外科,,平元. 10. 1,ika
診療所,31,0310830,医療法人社団　大石医院,倉吉市西倉吉町２２－１０,0858-28-1100,医療法人社団大石医院　理事長　大石　一康,大石　一康,小児科　呼吸器科　皮膚科,,平元. 10. 1,ika
診療所,31,0310848,医療法人社団　森脇クリニック,倉吉市新町３丁目１０８１－４,0858-22-3387,医療法人社団　森脇クリニック　理事長　森脇　良太,森脇　良太,内科　外科　胃腸内科　肛門外科,,平元. 10. 1,ika
診療所,31,0310954,音田内科,倉吉市東町４３５,0858-22-2328,音田　正樹,音田　正樹,内科　呼吸器科　消化器科　循環器科,,平4. 5. 15,ika
診療所,31,0310962,医療法人　ぬの皮膚科医院,倉吉市東巌城町５４番地,0858-23-1771,医療法人　ぬの皮膚科医院　理事長　布　清文,布　清文,皮膚科,,平4. 9. 1,ika
診療所,31,0310988,千希会　河本医院,倉吉市津原３９２番地２,0858-23-5392,医療法人千希会河本医院　理事長　河本　知秀,河本　知秀,循環器科　外科　内科　消化器科　肛門科,,平10. 10. 22,ika
診療所,31,0310996,医療法人　井東医院,倉吉市上灘町１７２,0858-22-5133,医療法人井東医院　理事長　井東　俊彦,井東　弘子,内　眼,,平9. 4. 1,ika
診療所,31,0311028,医療法人　まつだ小児科医院,倉吉市新町３丁目１１７８番地３,0858-22-2959,医療法人　まつだ小児科医院　理事長　松田　隆,松田　卓也,小　アレ,,平6. 7. 1,ika
診療所,31,0311077,森広眼科,倉吉市上井町一丁目１５６番地４,0858-26-8718,医療法人輝会　理事長　森　敬一,森　敬一,一般　眼科,,平11. 5. 1,ika
診療所,31,0311085,医療法人社団　鳥飼内科,倉吉市昭和町１丁目６２,0858-23-2822,医療法人社団鳥飼内科　理事長　鳥飼　高嗣,鳥飼　高嗣,内科　呼吸器内科　放射線科　循環器内科　消化器内科,,平11. 5. 1,ika
診療所,31,0311143,レディースクリニックひまわり小笹産婦人科,倉吉市南昭和町２７－１,0858-47-6060,小笹　昭博,小笹　昭博,産　婦,,平11. 10. 15,ika
病院,31,0311150,藤井政雄記念病院,倉吉市山根４３番地１,0858-26-2111,社会医療法人仁厚会　理事長　藤井　一博,宮﨑　聡,療養　一般　内　神内　呼内　外　リハ　皮　消化器内科　循環器内科　緩和ケア内科　放射線診断科,,平11. 12. 1,ika
診療所,31,0311192,石津クリニック,倉吉市昭和町１丁目２１０番地,0858-23-4133,医療法人石津クリニック　理事長　石津　吉彦,石津　吉彦,耳い,,平14. 9. 1,ika
診療所,31,0311200,医療法人　新田内科クリニック,倉吉市生田３６０－１,0858-48-2132,医療法人新田内科クリニック　理事長　新田　辰雄,新田　辰雄,内　神内　消化器内科　循環器内科　呼内　小,,平14. 11. 1,ika
診療所,31,0311218,医療法人　まつい眼科クリニック,倉吉市昭和町２丁目１５１番地,0858-22-1333,医療法人まつい眼科クリニック　理事長　松井　寛,松井　寛,一般　眼,,平15. 2. 1,ika
診療所,31,0311275,安梅医院,倉吉市関金町大鳥居２１５－１,0858-45-2554,安梅　正則,安梅　正則,内科　呼吸器内科　消化器内科　循環器内科,,平5. 5. 28,ika
診療所,31,0311309,もりしたクリニック,倉吉市清谷町１丁目２１５,0858-27-0777,森下　透,森下　透,内　外　胃腸内科　肛門外科,,平18. 11. 1,ika
診療所,31,0311317,野田外科医院,倉吉市堺町３丁目７３番地１,0858-22-4734,野田　博司,野田　博司,整外　内　形外　外　皮　リハ　肛門外科,,平19. 9. 13,ika
診療所,31,0311325,上野医院,倉吉市東昭和町３８番地,0858-47-6555,上野　力敏,上野　力敏,漢方内科　整外　肛門外科,,平20. 11. 4,ika
診療所,31,0311382,打吹公園クリニック,倉吉市仲ノ町７７０,0858-22-3790,井奥　研爾,井奥　研爾,一般　産　婦　内　小,,平27. 1. 1,ika
診療所,31,0311390,ふくらクリニック,倉吉市山根５３２,0858-26-6356,福羅　匡普,福羅　匡普,内　小　漢方内科　消化器・肝臓内科,,平27. 1. 1,ika
診療所,31,0311416,宮石クリニック,倉吉市福庭町１丁目１４１,0858-26-3814,宮石　雅浩,宮石　雅浩,神経内科　内科　心療内科,,平27. 7. 19,ika
診療所,31,0311424,はまよしレディースクリニック,倉吉市清谷町１丁目２４８－１,0858-27-0701,濵吉　麻里,濵吉　麻里,産婦人科　女性内科,,平28. 6. 1,ika
診療所,31,0311457,西倉吉クリニック,倉吉市秋喜１８５－３,0858-27-1800,大谷　英之,大谷　英之,内　消化器内科,,平29. 7. 1,ika
診療所,31,0311465,公益財団法人　鳥取県保健事業団　中部健康管理センター,倉吉市米田町二丁目８１番２,0858-27-1223,公益財団法人鳥取県保健事業団　理事長　秋藤　洋一,上田　由布子,内　婦,,平29. 10. 1,ika
診療所,31,0311473,のぐち内科クリニック,倉吉市上井町一丁目８番地５,0858-24-6101,医療法人滉陽会　理事長　野口　圭太郎,野口　圭太郎,内　腎臓内科　消化器内科　透析,,平29. 11. 1,ika
診療所,31,0311481,かほく耳鼻咽喉科クリニック,倉吉市福庭町２丁目１７３－３,0858-27-1567,山崎　愛語,山崎　愛語,耳い　頭頸部外科,,平30. 2. 1,ika
診療所,31,0311499,大津医院,倉吉市福吉町１３８９－５,0858-22-3003,大津　敬一,大津　敬一,内　胃腸内科　小,,平30. 3. 1,ika
診療所,31,0311515,虹の森クリニック,倉吉市八屋２０３－７,0858-27-1811,坂野　真理,坂野　真理,児童精神科　精,,平30. 5. 1,ika
診療所,31,0311523,鳥取県立中部療育園,倉吉市上井５０３－１,0858-27-0780,鳥取県知事　平井　伸治,杉浦　千登勢,小　リハ,,令2. 4. 15,ika
診療所,31,0311531,すおうメンタルクリニック,倉吉市下田中町９０７番地,0858-47-6006,周防　孝,周防　孝,精　心内,,令2. 6. 1,ika
診療所,31,0311549,おはだのことクリニック,倉吉市昭和町二丁目１５５番地１,0858-24-5237,本田　聡子,本田　聡子,皮,,令2. 11. 1,ika
診療所,31,0311556,みらい内科クリニック,倉吉市昭和町２丁目２３３番地,0858-27-1144,山本　了,山本　了,内科　腎臓内科　消化器内科　人工透析内科,,令3. 7. 1,ika
診療所,31,0311564,医療法人瑠璃風会　うなてクリニック,倉吉市宮川町２５６－２,0858-24-6133,医療法人瑠璃風会　理事長　宇奈手　一司,宇奈手　一司,内科　外科　消化器内科　肛門外科,,令3. 9. 1,ika
診療所,31,0311572,倉吉シティ内視鏡クリニック,倉吉市伊木２１５番地３,0858-24-5500,医療法人至誠会　理事長　藤井　武親,藤井　武親,内科　消化器内科　循環器内科　呼吸器内科,,令4. 11. 1,ika
病院,31,0410135,鳥取県済生会　境港総合病院,境港市米川町４４番地,0859-42-3161,社会福祉法人恩賜財団済生会支部鳥取県済生会　支部長　豐島　良太,佐々木　祐一郎,一般　療養　一般（感染）　内　精　脳外　呼内　脳内　小　外　整外　婦　眼　耳い　ひ　麻　放　消化器内科　循環器内科　糖尿病内科　血管外科,167,昭36. 1. 16,ika
病院,31,0410275,医療法人　元町病院,境港市上道町１８９５－１,0859-44-0101,医療法人元町病院　理事長　藤瀨　一臣,藤瀨　一臣,一般　療養　整外　皮　リウ　リハ　内　呼内　胃腸内科　糖尿病内科　アレ　消化器内科　麻,,昭61. 12. 1,ika
診療所,31,0410572,医療法人社団　渡部医院,境港市渡町１９８７－１,0859-45-0152,医療法人社団渡部医院　理事長　渡部　雅史,渡部　雅史,内　循,,平12. 4. 1,ika
診療所,31,0410580,医療法人　つちえ内科・小児科クリニック,境港市相生町１１４番地,0859-42-3031,医療法人つちえ内科・小児科クリニック　理事長　土江　秀明,土江　秀明,内科　小児科,,平元. 10. 2,ika
診療所,31,0410614,医療法人社団　松野医院,境港市京町３５番地,0859-42-2298,医療法人社団松野医院　理事長　松野　充孝,松野　充孝,内科　胃腸内科,,平2. 4. 1,ika
診療所,31,0410630,池渕医院,境港市栄町８８,0859-42-2031,医療法人社団池渕医院　理事長　池淵　滋雄,池淵　滋雄,内　循環器内科,,平2. 7. 1,ika
診療所,31,0410689,医療法人社団　矢島医院,境港市新屋町１３２９－１,0859-45-6311,医療法人社団　矢島医院　理事長　矢島　浩樹,矢島　浩樹,内　呼内　アレ　消化器内科,,平3. 1. 1,ika
診療所,31,0410697,医療法人　市場医院,境港市馬場崎町１７７番地,0859-44-5551,医療法人市場医院　理事長　市場　和志,市場　和志,整外　内　外　麻　皮　ひ　胃腸内科,,平3. 9. 1,ika
診療所,31,0410721,医療法人社団　小林外科内科医院,境港市明治町１７０番地,0859-42-2872,医療法人社団小林外科内科医院　理事長　小林　哲,小林　哲,内科　外科　消化器科　循環器科,,平4. 12. 1,ika
診療所,31,0410747,医療法人社団　阿曽皮膚科クリニック,境港市上道町３３１８－１,0859-44-1300,医療法人社団阿曽皮膚科クリニック　理事長　阿曽　三樹,阿曽　三樹,皮　形外,,平5. 7. 1,ika
診療所,31,0410754,医療法人社団　荒木医院,境港市明治町１８９－１,0859-42-2768,医療法人社団荒木医院　理事長　服岡　泰司,服岡　泰司,内　呼内　脳内,,平6. 1. 1,ika
診療所,31,0410762,境港日曜休日応急診療所,境港市上道町３０００番地,0859-44-4173,公益社団法人鳥取県西部医師会　会長　藤瀬　雅史,服岡　泰司,内　小,,平6. 4. 1,ika
診療所,31,0410770,医療法人社団　小森眼科クリニック,境港市元町１８０３－７,0859-44-5465,医療法人社団小森眼科クリニック　理事長　小森　樹夫,小森　樹夫,一般　眼,,平6. 8. 1,ika
診療所,31,0410846,岡空小児科医院,境港市浜ノ町１２７番地,0859-47-1234,医療法人岡空小児科医院　理事長　岡空　輝夫,岡空　輝夫,小　アレ,,平14. 9. 1,ika
診療所,31,0410861,竜ヶ山こどもファミリークリニック,境港市三軒屋町４２５０番地３,0859-45-7222,細田　淑人,細田　淑人,小　アレ,,平17. 10. 24,ika
診療所,31,0410879,たちかわ耳鼻咽喉科,境港市湊町１５６番地,0859-42-3330,立川　拓也,立川　拓也,耳い　気管食道内科,,平17. 11. 21,ika
診療所,31,0410895,医療法人社団　はまはし眼科医院,境港市渡町２７６８番地１,0859-47-5288,医療法人社団はまはし眼科医院　理事長　松井　博美,宮野　佐智子,眼,,平19. 6. 1,ika
診療所,31,0410903,医療法人社団　村上内科クリニック,境港市上道町３０５２番地１,0859-42-1100,医療法人社団　村上内科クリニック　理事長　村上　功,村上　功,内,,平20. 5. 1,ika
診療所,31,0410911,浜本眼科クリニック,境港市上道町３４４３番地,0859-21-2727,濵本　順次,濵本　順次,眼,,平21. 4. 4,ika
診療所,31,0410937,わたなべ皮膚科,境港市蓮池町８５－１,0859-21-8612,渡邉　徹心,渡邉　徹心,皮　小児皮膚科　アレ,,平24. 4. 17,ika
診療所,31,0410945,うえひら内科・ペインクリニック,境港市竹内町５７８番地５,0859-21-7564,医療法人仁和会　理事長　上平　敦,上平　敦,内科（ペインクリニック）　麻　婦,,平24. 8. 1,ika
診療所,31,0410960,つのだ内科・循環器内科クリニック,境港市外江町２２７５番地１,0859-21-1080,医療法人つのだ内科・循環器内科クリニック　理事長　田　郁代,田　郁代,内　循環器内科,,平29. 11. 1,ika
診療所,31,0410978,瀧川医院,境港市日ノ出町１１３,0859-42-2273,瀧川　孝子,瀧川　孝子,整形外科　リハビリテーション科,,令3. 8. 1,ika
診療所,31,0410986,もりわき整形外科クリニック,境港市中野町５２９０,0859-21-8278,森脇　健太,森脇　健太,整形外科　リウマチ科　リハビリテーション科,,令4. 7. 1,ika
診療所,31,1110205,医療法人　藤田医院,岩美郡岩美町浦富１０３０－２２,0857-72-0123,医療法人藤田医院　理事長　藤田　直樹,藤田　直樹,内科　小児科　リハビリテーション科,,平元. 7. 1,ika
病院,31,1110262,岩美町国民健康保険　岩美病院,岩美郡岩美町浦富１０２９番地２,0857-73-1421,岩美町長　長戸　清,吉田　泰之,一般　療養　内　循　外　整外　精　心内　小　眼　放　歯　歯外　耳い　皮　リハ　ひ　脳内　脳外,,平16. 5. 1,ika
病院,31,1210021,国民健康保険　智頭病院,八頭郡智頭町智頭１８７５番地,0858-75-3211,智頭町長　金兒　英夫,森下　嗣威,一般　療養　内　神内　小　外　整外　皮　婦　眼　リハ　放　ひ　麻　循環器内科　歯　耳い,,昭32. 7. 1,ika
診療所,31,1210492,医療法人　柿坂医院,八頭郡八頭町北山４７,0858-84-3011,医療法人柿坂医院　理事長　柿坂　仁,柿坂　仁,内科　外科,,平元. 4. 1,ika
診療所,31,1210500,若桜柿坂医院,八頭郡若桜町若桜２９６番地１,0858-82-0076,医療法人社団若桜柿坂医院　理事長　柿坂　彩子,柿坂　彩子,内科,,平元. 7. 1,ika
診療所,31,1210567,医療法人社団　田中医院下津黒出張診療所,八頭郡八頭町下津黒２６,0858-74-0658,医療法人社団　田中医院　理事長　田中　開,田中　開,内科　小児科,,平元. 10. 1,ika
診療所,31,1210609,医療法人社団　尾崎医院,八頭郡八頭町才代１５８－５,0858-76-4000,医療法人社団尾崎医院　理事長　尾﨑　眞人,尾﨑　眞人,内,,平8. 12. 24,ika
診療所,31,1210666,花木こどもクリニック,八頭郡八頭町宮谷１９３－１,0858-72-0100,花木　正史,花木　正史,小児科,,平4. 6. 1,ika
診療所,31,1210724,医療法人悠志会　岸本内科医院,八頭郡八頭町池田２０６－１,0858-76-0076,医療法人悠志会岸本内科医院　理事長　岸本　昌宏,岸本　昌宏,神内　内,,平12. 3. 1,ika
診療所,31,1210732,瀬川医院,八頭郡八頭町坂田３５０－３,0858-72-0120,川　謙一,川　謙一,内　小,,平12. 12. 9,ika
診療所,31,1210740,智頭町那岐診療所,八頭郡智頭町大背１１６番地２,0858-78-0190,智頭町長　金兒　英夫,古屋　茉優,内,,平20. 3. 6,ika
診療所,31,1210765,智頭町山形診療所,八頭郡智頭町郷原２６３番地１,0858-75-2233,智頭町長　金兒　英夫,古屋　茉優,内,,平25. 4. 1,ika
診療所,31,1210773,西田整形外科医院,八頭郡八頭町下坂４９２－２,0858-71-0307,西田　郁夫,西田　郁夫,整外　麻　リウ　リハ,,平26. 4. 1,ika
診療所,31,1210799,わかさ生協診療所,八頭郡若桜町若桜９３３－１,0858-82-0533,鳥取医療生活協同組合　組合長理事　皆木　眞一,尾坂　妙子,内　脳外,,令6. 4. 1,ika
診療所,31,1210807,こおげ駅前クリニック,八頭郡八頭町郡家字上屋敷２３５番,0858-71-1100,岡田　智之,岡田　智之,内　胃腸内科,,令7. 7. 1,ika
診療所,31,1410480,吉中胃腸科医院,東伯郡琴浦町丸尾１０２－１,0858-53-1215,吉中　正人,吉中　正人,内科　皮膚科　消化器内科　肛門科,,平元. 4. 8,ika
診療所,31,1410506,医療法人社団　土井医院,東伯郡湯梨浜町龍島５０８－１,0858-32-0717,医療法人社団土井医院　理事長　土井　信,土井　信,内科,,平11. 4. 15,ika
診療所,31,1410522,医療法人社団　髙見医院,東伯郡北栄町国坂７２０,0858-36-2011,医療法人社団髙見医院　理事長　髙見　博,髙見　大樹,内　呼内　小　リハ,,平元. 10. 1,ika
診療所,31,1410548,中本内科医院,東伯郡琴浦町八橋１７４０番地,0858-53-1315,医療法人社団中本内科医院　理事長　中本　健太郎,中本　健太郎,内科　小児科　消化器内科　循環器内科,,平2. 4. 1,ika
診療所,31,1410571,上原整形外科医院,東伯郡湯梨浜町はわい長瀬６８０－１３,0858-35-3811,医療法人　上原整形外科医院　理事長　上原　信生,上原　信生,整外　リウ　リハ,,平9. 5. 1,ika
診療所,31,1410589,吉水医院,東伯郡三朝町本泉古川４１９－１,0858-43-3232,吉水　信明,吉水　信明,内科　呼吸器科　胃腸科　循環器科　小児科,,平4. 4. 15,ika
診療所,31,1410597,湯川医院,東伯郡三朝町三朝９６７－１,0858-43-3399,湯川　喜美,湯川　喜美,内科　胃腸科,,平11. 3. 2,ika
診療所,31,1410621,医療法人社団　赤碕内科外科クリニック,東伯郡琴浦町赤碕１８４８,0858-55-1321,医療法人社団赤碕内科外科クリニック　理事長　浦辺　朋子,浦辺　朋子,内　胃　循　外　整外　皮　理学診療科　麻,,平5. 9. 1,ika
診療所,31,1410639,せのお小児科内科医院,東伯郡琴浦町赤碕１９８４番地１０,0858-55-7100,医療法人せのおクリニック　理事長　妹尾　磯範,妹尾　磯範,小児科　内科　アレルギー科,,平11. 1. 1,ika
診療所,31,1410647,森本外科・脳神経外科医院,東伯郡琴浦町逢束１２１０番地,0858-53-0121,医療法人社団もりもと　理事長　森本　徳子,森本　益雄,一般　療養　外科　脳神経外科　リハビリテーション科　整形外科,,平7. 2. 1,ika
診療所,31,1410662,宮川医院,東伯郡北栄町瀬戸４５－２,0858-37-2038,医療法人誠医会　理事長　宮川　秀文,宮川　秀人,内科　呼吸器科　胃腸科　循環器科　小児科　外科　整形外科　リハビリテーション科　放射線科　リウマチ科　アレルギー科　気管食道科　皮膚科,,平7. 11. 15,ika
診療所,31,1410688,浪花整形外科,東伯郡琴浦町徳万５３９－６,0858-53-0500,浪花　紳悟,浪花　紳悟,整外　リハ　リウ,,平9. 9. 1,ika
病院,31,1410720,鳥取県中部医師会立　三朝温泉病院,東伯郡三朝町山田６９０,0858-43-1321,公益社団法人　鳥取県中部医師会　会長　安梅　正則,深田　悟,一般　療養　整外　神内　内　リハ　リウ　麻　外　循環器内科,,平12. 3. 1,ika
診療所,31,1410779,こどもクリニックおんだ,東伯郡湯梨浜町田後３４０番地５,0858-47-5181,音田　誠一,音田　誠一,小,,平14. 5. 16,ika
診療所,31,1410795,武信眼科,東伯郡北栄町由良宿１６２４番地１,0858-37-5722,医療法人武信医院　理事長　武信　順子,武信　順子,眼科,,平15. 9. 1,ika
診療所,31,1410811,岡田医院,東伯郡琴浦町徳万１７６－２,0858-53-1155,岡田　耕一郎,岡田　耕一郎,内科　外科　胃腸科　呼吸器科　循環器科　肛門科,,平17. 5. 16,ika
診療所,31,1410829,赤碕診療所,東伯郡琴浦町赤碕１９２０番地７４,0858-55-0624,医療法人社団　赤碕診療所　理事長　青木　哲哉,青木　哲哉,内　外　小　整外　消化器内科　循環器内科,,平18. 4. 1,ika
診療所,31,1410837,医療法人　吉田医院,東伯郡湯梨浜町泊７５０,0858-34-2020,医療法人吉田医院　理事長　吉田　明雄,吉田　明雄,内　小,,平18. 5. 1,ika
診療所,31,1410852,医療法人清生会　谷口病院附属診療所　東伯サテライト,東伯郡琴浦町浦安１４０－１０,0858-52-6161,医療法人清生会　理事長　谷口　宗弘,谷口　宗弘,泌尿器科（人工透析）　内科（人工透析）,,平23. 9. 5,ika
診療所,31,1410860,みはらクリニック,東伯郡湯梨浜町田後２２２番地１,0858-35-2733,医療法人莉成会　理事長　三原　聡,三原　聡,ひ　内,,平24. 8. 1,ika
診療所,31,1410886,アロハこどもクリニック,東伯郡湯梨浜町はわい長瀬５４９番地１４,0858-35-5474,医療法人紡　理事長　遠藤　充,遠藤　充,小児科　アレルギー科,,令3. 10. 1,ika
病院,31,1510016,南部町国民健康保険　西伯病院,西伯郡南部町倭３９７番地,0859-66-2211,南部町長　陶山　清孝,長谷川　純一,一般　精神　療養　内　精　神　小　外　整外　婦　耳い　リハ　歯　麻,,平16. 10. 1,ika
診療所,31,1510453,医療法人　佐々木医院,西伯郡大山町田中６４６－１,0858-58-2055,医療法人佐々木医院　理事長　岸田　優佳子,岸田　優佳子,一般　内科　整形外科　婦人科　眼科　リハビリテーション科,,平2. 4. 1,ika
診療所,31,1510479,キマチ・リハビリテーション医院,西伯郡大山町富長７５５番地５,0859-54-3251,医療法人社団キマチ外科・整形外科医院　理事長　金子　祥子,来海　秀和,一般　外　整外　麻　内　リハ　皮ひ　肛門外科,,平2. 7. 1,ika
病院,31,1510511,大山リハビリテーション病院,西伯郡伯耆町大原９２７－１,0859-68-4111,医療法人社団　昌平会　理事長　富田　昌宏,富田　昌宏,療養　内　リハ　神内,,平4. 3. 1,ika
診療所,31,1510529,医療法人社団　潮医院,西伯郡南部町天万１５３４－１,0859-64-2028,医療法人社団潮医院　理事長　潮　晴美,潮　晴美,内科　小児科,,平4. 11. 2,ika
診療所,31,1510537,医療法人社団　小谷医院,西伯郡大山町御来屋２４３番地１,0859-54-3311,医療法人社団小谷医院　理事長　鳥羽　信行,鳥羽　信行,一般　内　小　整外,,平6. 1. 1,ika
診療所,31,1510685,医療法人社団　伯耆厚生会　九里クリニック,西伯郡日吉津村日吉津１４５２番地３,0859-37-1721,医療法人社団　伯耆厚生会九里クリニック　理事長　九里　友和,九里　友和,精　心内　神内,,平14. 4. 1,ika
診療所,31,1510693,法勝寺内科クリニック,西伯郡南部町法勝寺２８６番地の４,0859-66-5858,医療法人社団法勝寺内科クリニック　理事長　三上　真顯,三上　真顯,内科　呼吸器科　アレルギー科　リハビリテーション科　皮膚科,,平16. 4. 1,ika
診療所,31,1510735,医療法人社団　飛田医院,西伯郡伯耆町溝口２４３番地２,0859-62-1023,医療法人社団飛田医院　理事長　飛田　義信,飛田　義信,内科　小児科　消化器内科　循環器内科,,昭32. 10. 1,ika
病院,31,1510743,医療法人萌生会　伯耆中央病院,西伯郡伯耆町長山１５２－１,0859-62-1212,医療法人　萌生会　理事長　篠原　一郎,篠原　一郎,療養　内　小　外　整外　皮　眼　耳い　脳内　リハ　リウ,,平7. 8. 1,ika
診療所,31,1510750,大山町国民健康保険大山診療所,西伯郡大山町今在家４７５番地,0859-53-8002,大山町長　竹口　大紀,井上　和興,内　小　外　循環器内科,,平17. 3. 28,ika
診療所,31,1510784,大山町国民健康保険大山口診療所,西伯郡大山町末長４８３番地３,0859-53-3990,大山町長　竹口　大紀,久野　宣年,内科　神経内科　心療内科　リハビリテーション科　精神科　消化器内科,,平17. 3. 28,ika
診療所,31,1510792,大山町国民健康保険名和診療所,西伯郡大山町御来屋４６７番地,0859-54-2068,大山町長　竹口　大紀,川上　建,内科　小児科,,平17. 3. 28,ika
診療所,31,1510826,武田医院,西伯郡伯耆町溝口２６６－３,0859-62-1098,武田　直人,武田　直人,内　整外　放,,平19. 6. 1,ika
診療所,31,1510859,二部診療所,西伯郡伯耆町二部６５２番地１,0859-62-0351,日野病院組合　管理者　﨏田　淳一,久光　和則,内　外,,平20. 10. 7,ika
診療所,31,1510867,ひろかね内科・循環器内科クリニック,西伯郡南部町阿賀２０２番地２,0859-39-6115,医療法人ひろかね内科・循環器内科クリニック　理事長　廣兼　祐二,廣兼　祐二,内　循環器内科　消化器内科　呼内　小,,平21. 5. 1,ika
診療所,31,1510875,ひがみ耳鼻いんこう科・いびき睡眠クリニック,西伯郡日吉津村日吉津１５８４番地３,0859-21-3387,医療法人　健和会　理事長　樋上　茂,樋上　茂,一般　耳い　アレ　睡眠障害耳鼻いんこう科　精,,平23. 1. 28,ika
診療所,31,1510883,医療法人　なかむら医院,西伯郡伯耆町大殿１０８６番地,0859-68-2123,医療法人なかむら医院　理事長　仲村　広毅,仲村　広毅,内　外,,平26. 4. 1,ika
診療所,31,1510909,さいはく眼科クリニック,西伯郡南部町倭４８５－１,0859-57-5340,瀨戸川　章,瀨戸川　章,眼科,,平28. 6. 1,ika
診療所,31,1510917,おおやま内科クリニック,西伯郡日吉津村日吉津８６３番地２,0859-46-0281,大山　賢治,大山　賢治,内　肝臓内科　消化器内科　緩和ケア内科,,令5. 7. 14,ika
診療所,31,1510925,サクラギクリニック,西伯郡日吉津村日吉津２１４４番３,0859-30-3355,櫻木　哲詩,櫻木　哲詩,内　糖尿病・代謝内科　美容皮膚科,,令6. 6. 1,ika
病院,31,1610162,日南町国民健康保険　日南病院,日野郡日南町生山５１１番地７,0859-82-1235,日南町長　中村　英明,濵田　紀宏,一般　療養　内　小　外　眼　耳い　整外　皮　リハ,,昭37. 4. 1,ika
診療所,31,1610352,江府町国民健康保険　江尾診療所,日野郡江府町江尾２０８８番地３,0859-75-2055,江府町長　白石　祐治,武地　幹夫,内　外　整外　歯外,,平12. 5. 8,ika
病院,31,1610360,日野病院,日野郡日野町野田３３２番地,0859-72-0351,日野病院組合　管理者　近藤　宏,孝田　雅彦,一般　内　呼内　心内　神内　小　外　整外　ひ　眼　耳い　リハ　皮　心外　循環器内科　消化器内科　女性診療科　脳外　血液内科　糖尿病内科　透析　消化器外科　腎臓内科,,平12. 11. 1,ika
診療所,31,1610378,黒坂診療所,日野郡日野町黒坂１２４３－１,0859-74-0351,日野病院組合　管理者　﨏田　淳一,久光　和則,内科　外科,,平17. 2. 25,ika
診療所,31,1610386,江府町国民健康保険俣野診療所,日野郡江府町大字俣野６９０番地１,090-5375-1744,江府町長　白石　祐治,武地　幹夫,内,,平31. 4. 1,ika
病院,31,8010010,独立行政法人国立病院機構　鳥取医療センター,鳥取市三津８７６番地,0857-59-1111,独立行政法人国立病院機構　理事長　新木　一弘,髙橋　浩士,一般　精神　内　脳内　小　外　呼内　精　整外　リハ　放　歯　睡眠障害精神科　睡眠障害内科,495,昭32. 7. 1,ika
病院,31,8010028,鳥取大学医学部附属病院,米子市西町３６番地１,0859-33-1111,国立大学法人　鳥取大学　鳥取大学長　原田　省,武中　篤,一般　結核　精神　一般（感染）　内　放射線科　放射線治療科　麻　脳内　呼内　精　小児科　脳神経小児科　アレ　整外　リウ　脳外　形外　皮　呼外　ひ　心外　産婦　眼　小外　耳い　歯外　病理　リハ　循環器内科　消化器内科　消化器外科　頭頸部外科　乳腺外科　ペインクリニック外科　救命　内分泌代謝内科　薬物療法内科　血液内科　腫瘍内科　腎臓内科　膠原病内科　感染症内科,654,昭32. 8. 1,ika
病院,31,8010036,独立行政法人国立病院機構　米子医療センター,米子市車尾４丁目１７番１号,0859-33-7111,独立行政法人国立病院機構　理事長　新木　一弘,鰤岡　直人,一般　内科　肝臓内科　腎臓内科　心内　精　神内　呼内　小　整外　ひ　婦　眼　耳い　リハ　放　麻　歯外　消化器内科　消化器外科　循環器内科　胸部・乳腺外科　緩和ケア内科　糖尿病・代謝内科　血液腫瘍内科　感染症内科　透析,270,昭32. 7. 1,ika
歯科,31,0130507,後藤歯科医院,鳥取市扇町５８ナカヤビル　３Ｆ,0857-26-5851,後藤　康裕,後藤　康裕,歯科,,昭52. 3. 2,shika
歯科,31,0130523,マブチ歯科医院,鳥取市今町２丁目３０１,0857-26-3401,馬渕　優,馬渕　優,歯,,平9. 7. 1,shika
歯科,31,0130556,荻原歯科医院,鳥取市元町２２７,0857-22-2845,荻原　道弘,荻原　道弘,歯,,昭60. 5. 15,shika
歯科,31,0130770,鳥取県口腔総合保健センター,鳥取市吉方温泉３丁目７５１－５,0857-23-2621,一般社団法人　鳥取県歯科医師会　会長　渡部　隆夫,渡部　隆夫,歯,,昭57. 6. 1,shika
歯科,31,0130804,よしだ歯科医院,鳥取市瓦町５０５,0857-22-1772,吉田　章二,吉田　章二,歯,,昭57. 9. 16,shika
歯科,31,0130838,みはぎの歯科医院,鳥取市美萩野１丁目１１８－１５,0857-59-2188,馬渕　優,馬渕　優,歯,,昭59. 6. 1,shika
歯科,31,0130846,医療法人　上田歯科医院,鳥取市西町１丁目４５４,0857-22-4530,医療法人上田歯科医院　理事長　上田　拓郎,上田　拓郎,歯　矯歯　小歯,,昭59. 9. 1,shika
歯科,31,0130853,涌島歯科湖山医院,鳥取市湖山町北２丁目５６１,0857-28-3376,涌島　勉,涌島　勉,歯,,昭59. 10. 1,shika
歯科,31,0130929,筧歯科医院,鳥取市吉方町２丁目５５１,0857-22-6088,筧　哲郎,筧　哲郎,歯,,昭60. 3. 1,shika
歯科,31,0130952,多名部歯科クリニック,鳥取市永楽温泉町１６０日交駅前ビル２Ｆ,0857-22-1180,多名部　哲博,多名部　哲博,歯科,,昭61. 4. 18,shika
歯科,31,0130960,ナカムラ歯科医院,鳥取市大覚寺１７６－１２,0857-22-8148,中村　裕志,中村　裕志,歯科,,昭61. 10. 6,shika
歯科,31,0131026,キシノ歯科医院,鳥取市吉成７７９－４０,0857-53-3552,岸野　優,岸野　優,歯科,,平元. 6. 4,shika
歯科,31,0131042,西尾歯科,鳥取市富安１丁目５番地２,0857-26-6325,西尾　卓,西尾　卓,歯科,,平2. 1. 1,shika
歯科,31,0131059,医療法人　米沢歯科医院,鳥取市大榎町１２番地１１,0857-23-5099,医療法人米沢歯科医院　理事長　米澤　端,米澤　端,歯　小歯　矯歯,,平8. 7. 1,shika
歯科,31,0131075,門下歯科医院,鳥取市吉方温泉３丁目６６２,0857-29-6926,門下　由紀夫,門下　由紀夫,歯,,平2. 11. 1,shika
歯科,31,0131117,みちだ歯科クリニック,鳥取市田島７２２番地,0857-21-0008,道田　章仁,道田　章仁,歯　矯歯　小歯　歯外,,平3. 3. 5,shika
歯科,31,0131141,豊川歯科医院,鳥取市古海７１６－１,0857-29-1308,豊川　仁鉄,豊川　仁鉄,歯,,平3. 7. 31,shika
歯科,31,0131166,医療法人　福嶋歯科医院,鳥取市栄町６０９加藤紙店ビル　５Ｆ,0857-24-7272,医療法人福嶋歯科医院　理事長　金田　由梨,金田　由梨,歯科,,平4. 1. 1,shika
歯科,31,0131208,医療法人　佐々木歯科医院,鳥取市商栄町１５６番地３,0857-27-5033,医療法人佐々木歯科医院　理事長　佐々木　道寿,佐々木　道寿,歯科,,平4. 8. 1,shika
歯科,31,0131216,医療法人　河原歯科クリニック,鳥取市富安２丁目１５９番地久本ビル２Ｆ,0857-23-2500,医療法人河原歯科クリニック　理事長　河原　仁,河原　仁,歯科,,平4. 9. 1,shika
歯科,31,0131232,医療法人　谷本歯科,鳥取市湖山町東５丁目５０４－１８,0857-28-8211,医療法人　谷本歯科　理事長　谷本　保介,谷本　保介,歯　歯外,,平8. 8. 1,shika
歯科,31,0131273,うえた歯科,鳥取市江津３７５－４,0857-29-8484,上田　悦雄,上田　悦雄,歯　小歯,,平6. 8. 1,shika
歯科,31,0131299,池田歯科医院,鳥取市湖山町西２丁目１１０,0857-31-0987,池田　実央,池田　実央,歯科,,平6. 12. 1,shika
歯科,31,0131315,潤歯科医院,鳥取市栄町２０７日本観光センタービル２Ｆ,0857-37-1616,福本　潤二,福本　潤二,歯科　小児歯科　歯科口腔外科,,平7. 5. 16,shika
歯科,31,0131323,戸﨑歯科医院,鳥取市桂木２４４,0857-53-0586,戸﨑　正悟,戸﨑　正悟,歯科　矯正歯科,,平7. 9. 4,shika
歯科,31,0131331,医療法人恵聡会　中尾歯科医院,鳥取市青葉町２丁目１０５番地,0857-29-7676,医療法人恵聡会　理事長　中尾　惠之輔,中尾　惠之輔,歯　歯外,,平7. 9. 1,shika
歯科,31,0131356,はやし歯科クリニック,鳥取市東品治町１１４コスモスビル２Ｆ,0857-29-5256,林　篤志,林　篤志,歯科　小児歯科,,平11. 1. 1,shika
歯科,31,0131372,鳥取県東部歯科医師会休日急患歯科診療所,鳥取市富安２丁目８４番地,0857-23-3197,一般社団法人　鳥取県東部歯科医師会　会長　上田　悦雄,上田　悦雄,歯,,平8. 7. 7,shika
歯科,31,0131398,なわだ歯科医院,鳥取市賀露町南１丁目１７－２１,0857-31-2223,縄田　昌彦,縄田　昌彦,歯,,平9. 4. 1,shika
歯科,31,0131406,堀内歯科医院,鳥取市西品治８１７番地５,0857-22-6854,医療法人社団　堀内歯科医院　理事長　堀内　学,堀内　学,歯,,平13. 6. 1,shika
歯科,31,0131414,尾崎歯科クリニック,鳥取市末広温泉町６０１,0857-20-2222,尾崎　紀之,尾崎　紀之,歯　小歯　歯外,,平9. 10. 1,shika
歯科,31,0131448,こはま歯科医院,鳥取市宮長３－３,0857-53-1956,小濱　裕幸,小濱　裕幸,歯科,,平10. 4. 15,shika
歯科,31,0131489,水口歯科クリニック,鳥取市千代水４丁目１８番地　丸信ビル２Ｆ,0857-38-3201,水口　好胤,水口　好胤,歯,,平12. 5. 23,shika
歯科,31,0131513,いわい歯科,鳥取市朝月２１－４,0857-38-4500,岩井　修一郎,岩井　修一郎,歯　小歯,,平13. 3. 19,shika
歯科,31,0131521,平吾歯科クリニック,鳥取市桜谷６６１,0857-25-0007,平吾　泰三,平吾　泰三,歯,,平13. 3. 16,shika
歯科,31,0131539,よしざわ歯科医院,鳥取市南吉方３丁目５１８－１,0857-36-1188,吉澤　栄一,吉澤　栄一,歯,,平13. 4. 16,shika
歯科,31,0131547,いながき歯科医院,鳥取市商栄町３９８－８,0857-21-1277,伊奈垣　学,伊奈垣　学,歯,,平14. 1. 1,shika
歯科,31,0131554,今田歯科岩倉医院,鳥取市岩倉４５１－１,0857-23-5313,今田　晴美,今田　晴美,歯,,平14. 3. 1,shika
歯科,31,0131562,せいきょう歯科クリニック,鳥取市末広温泉町５６６番地,0857-27-2220,鳥取医療生活協同組合　組合長理事　皆木　眞一,中田　幸雄,歯　小歯　矯歯,,平14. 4. 1,shika
歯科,31,0131570,しみず歯科クリニック,鳥取市叶２９３－２２,0857-51-7755,清水　達哉,清水　達哉,歯　小歯,,平14. 7. 12,shika
歯科,31,0131588,医療法人　八幡歯科医院,鳥取市雲山２２５－２,0857-36-0800,医療法人　八幡歯科医院　理事長　八幡　真司,八幡　真司,歯　小歯　矯歯,,平15. 3. 1,shika
歯科,31,0131596,おおもり歯科クリニック,鳥取市南隈５７１番地,0857-38-3033,大森　智弘,大森　智弘,歯,,平15. 3. 18,shika
歯科,31,0131604,扇町中村歯科医院,鳥取市扇町３４－１,0857-27-4698,医療法人　修医会　理事長　中村　茂幸,中村　茂幸,歯,,平15. 5. 6,shika
歯科,31,0131612,さとう歯科クリニック,鳥取市南吉方１丁目６３－１農協共済福祉事業団本社ビル１階,0857-21-0606,佐藤　亮,佐藤　亮,歯科,,平16. 4. 5,shika
歯科,31,0131638,井手野歯科医院,鳥取市福部町海士３３５－１,0857-75-2325,井手野　敦,井手野　敦,歯,,平6. 7. 1,shika
歯科,31,0131661,荻原歯科医院,鳥取市河原町長瀬４３－３,0858-85-5151,荻原　法子,荻原　法子,歯,,平11. 7. 1,shika
歯科,31,0131687,さとみ歯科クリニック,鳥取市用瀬町鷹狩７６７－４,0858-87-3631,八百谷　智美,八百谷　智美,歯,,平8. 12. 9,shika
歯科,31,0131695,鳥取市佐治町国民健康保険診療所（歯科）,鳥取市佐治町加瀬木２１７１－２,0858-88-0818,鳥取市長　深澤　義彦,安藤　修二,歯科,,平16. 11. 1,shika
歯科,31,0131711,いなだ歯科医院,鳥取市気高町新町３丁目８１番地,0857-82-4100,稲田　真哉,稲田　真哉,歯,,平13. 6. 11,shika
歯科,31,0131752,医療法人社団　吉田歯科医院,鳥取市青谷町青谷３９３５番地,0857-85-0456,医療法人社団吉田歯科医院　理事長　吉田　渉,吉田　渉,歯科,,平8. 5. 1,shika
歯科,31,0131760,むかいね歯科医院,鳥取市湖山町北２丁目１０７番地２,0857-38-8533,医療法人　向健会　理事長　向根　賢次,向根　賢次,歯科　小児歯科,,平17. 1. 1,shika
歯科,31,0131778,くすだ矯正歯科医院,鳥取市秋里１２８４,0857-30-4186,楠田　倫紀,楠田　倫紀,歯科　矯正歯科,,平17. 2. 1,shika
歯科,31,0131786,医療法人　玉木歯科医院,鳥取市若葉台南６丁目２３番３０号,0857-52-6090,医療法人　玉木歯科医院　理事長　玉木　裕之助,玉木　裕之助,歯科,,平17. 2. 1,shika
歯科,31,0131794,今田歯科医院,鳥取市吉方温泉３丁目１６８,0857-22-3873,今田　哲哉,今田　哲哉,歯科,,平17. 3. 5,shika
歯科,31,0131802,緑ヶ丘歯科クリニック,鳥取市南安長３丁目２７－２,0857-26-0340,田中　秀司,田中　秀司,歯科,,平17. 5. 24,shika
歯科,31,0131828,医療法人社団春陽会　みなみ歯科医院,鳥取市南吉方１丁目１０８－２,0857-23-1000,医療法人社団春陽会みなみ歯科医院　理事長　石田　雅栄,石田　雅栄,歯　歯外　小歯　矯歯,,平17. 11. 1,shika
歯科,31,0131836,ゆむら歯科医院,鳥取市湖山町南３丁目２１７,0857-39-9950,湯村　宣敬,湯村　宣敬,歯,,平18. 6. 1,shika
歯科,31,0131844,医療法人社団　因幡会　いしかわ歯科,鳥取市千代水３丁目１番地,0857-38-8148,医療法人社団因幡会いしかわ歯科　理事長　石川　勝之,石川　勝之,歯,,平18. 6. 1,shika
歯科,31,0131869,今宮歯科クリニック,鳥取市湖山町北６丁目３３０－１６,0857-31-1212,今宮　幸樹,今宮　幸樹,歯,,平20. 3. 1,shika
歯科,31,0131877,さわだ歯科医院,鳥取市的場２丁目８６－１タウンアローズ８６－１０４,0857-30-1008,澤田　孝紀,澤田　孝紀,歯　歯外　小歯,,平20. 4. 18,shika
歯科,31,0131885,坂本歯科医院,鳥取市今町１－１３４,0857-21-5581,山口　亨,山口　亨,歯　矯歯　小歯　歯外,,平20. 5. 18,shika
歯科,31,0131901,森歯科医院,鳥取市今町２丁目２２０番地,0857-29-1571,森　映利加,森　映利加,歯,,平21. 3. 1,shika
歯科,31,0131919,松岡歯科,鳥取市国府町分上１丁目１０８－１,0857-30-3111,松岡　克至,松岡　克至,歯科　小児歯科　歯科口腔外科,,平21. 8. 1,shika
歯科,31,0131943,医療法人　イズモト歯科医院,鳥取市職人町２５,0857-29-8967,医療法人　イズモト歯科医院　理事長　泉本　博司,泉本　博司,歯科,,平22. 11. 1,shika
歯科,31,0131968,すどう歯科医院,鳥取市気高町北浜２丁目２５番地,0857-82-0008,須藤　英昭,須藤　英昭,歯科,,平23. 4. 8,shika
歯科,31,0131984,ひろ歯科クリニック,鳥取市覚寺４７－７,0857-21-5550,医療法人社団　恵志会　理事長　植田　浩志,植田　浩志,歯　歯外　小歯,,平24. 9. 1,shika
歯科,31,0132008,ハヤシ歯科,鳥取市片原二丁目１１８番地,0857-22-2046,林　克也,林　克也,歯,,平24. 11. 22,shika
歯科,31,0132016,医療法人　秋山歯科・矯正歯科医院,鳥取市南町４０１番地,0857-22-2966,医療法人　秋山歯科・矯正歯科医院　理事長　秋山　剛久,秋山　剛久,歯　小歯　矯歯　歯外,,平25. 5. 1,shika
歯科,31,0132024,アクビー歯科クリニック,鳥取市徳尾１３１－２８,0857-22-7100,山根　大樹,山根　大樹,歯　小歯,,平26. 7. 1,shika
歯科,31,0132032,宮﨑歯科医院,鳥取市吉成二丁目１４番３１号,0857-27-7048,医療法人宮﨑歯科医院　理事長　宮﨑　章,宮﨑　章太,歯,,平26. 12. 1,shika
歯科,31,0132040,北浜歯科クリニック,鳥取市気高町北浜３丁目７７－８,0857-82-3844,柴田　昌美,柴田　昌美,歯,,平27. 5. 7,shika
歯科,31,0132057,医療法人健歯会　おおくさ歯科医院,鳥取市桜谷７９番地３,0857-29-5671,医療法人健歯会　理事長　大草　了,大草　貴恵,歯科,,平27. 11. 1,shika
歯科,31,0132073,岡本歯科クリニック,鳥取市桂木８００,0857-53-1180,岡本　充浩,岡本　充浩,歯科　歯科口腔外科　小児歯科　矯正歯科,,平28. 5. 1,shika
歯科,31,0132081,ますだ歯科医院,鳥取市古海６５４番地２,0857-39-4888,医療法人ハートフル会　理事長　増田　朋和,増田　朋和,歯科　小児歯科,,平28. 10. 1,shika
歯科,31,0132099,あつ歯科クリニック,鳥取市田島３６６－１,0857-51-1855,金谷　敦史,金谷　敦史,歯科,,平29. 4. 1,shika
歯科,31,0132115,しょうじ歯科医院,鳥取市湖山町北１丁目５４８,0857-32-8558,庄司　和伸,庄司　和伸,歯,,平29. 10. 2,shika
歯科,31,0132131,せいきょう歯科クリニック鹿野,鳥取市鹿野町今市２４２,0857-84-6011,鳥取医療生活協同組合　組合長理事　皆木　眞一,墻屋　智之,歯　小歯　歯外,,平30. 7. 1,shika
歯科,31,0132156,医療法人社団　広田歯科医院,鳥取市湖山町南二丁目１５３,0857-28-5821,医療法人社団　広田歯科医院　理事長　田　健太郎,田　健太郎,歯,,令2. 2. 1,shika
歯科,31,0132164,新通り歯科クリニック,鳥取市国府町新通り三丁目３０１－１,0857-51-0190,中村　浩一郎,中村　浩一郎,歯,,令2. 7. 1,shika
歯科,31,0132172,本荘歯科クリニック,鳥取市古海６６４－１６,0857-27-6488,本荘　真也,本荘　真也,歯　歯外　小歯　矯歯,,令2. 10. 1,shika
歯科,31,0132180,立川の森歯科クリニック,鳥取市立川町五丁目５２－４,0857-29-6161,医療法人　はぐくみ　理事長　福川　聖子,福川　聖子,歯　小歯　矯歯　歯外,,令3. 4. 23,shika
歯科,31,0132198,Ｓａｋａｇｕｃｈｉ　Ｄｅｎｔａｌ　Ｏｆｆｉｃｅ,鳥取市片原５丁目４１４－１,0857-29-0118,坂口　正哲,坂口　正哲,歯科　小児歯科　歯科口腔外科　矯正歯科,,令3. 10. 1,shika
歯科,31,0132206,まちなか歯科クリニック,鳥取市行徳１丁目２０１－５,0857-30-5133,足立　祐介,足立　祐介,歯科　小児歯科　歯科口腔外科　矯正歯科,,令3. 11. 1,shika
歯科,31,0132214,山形歯科医院,鳥取市秋里１３１４,0857-22-2522,山形　英生,山形　英生,歯科　歯科口腔外科　小児歯科　矯正歯科,,令4. 5. 11,shika
歯科,31,0132222,かのう歯科医院,鳥取市湖山町東一丁目２５１番地１,0857-32-1300,医療法人　聡優会　理事長　加納　聡,加納　聡,歯　歯外　小歯,,令5. 4. 1,shika
歯科,31,0132230,かすやファミリー歯科,鳥取市若桜町５０－１,0857-27-5245,加須屋　浩,加須屋　浩,歯　小歯　歯外　矯歯,,令5. 5. 1,shika
歯科,31,0132248,医療法人　松下歯科医院,鳥取市栄町７６３番地メルヘンビル２Ｆ,0857-22-8212,医療法人松下歯科医院　理事長　松下　理一,松下　理一,歯,,令6. 1. 1,shika
歯科,31,0132263,医療法人　Ｔｏｔｔｏｒｉ　Ｏｒｔｈｏ　Ｄｅｎｔａｌ　Ｃｌｕｂ　宮田歯科医院,鳥取市青谷町青谷４０４３番地１１,0857-85-1215,医療法人　Ｔｏｔｔｏｒｉ　Ｏｒｔｈｏ　Ｄｅｎｔａｌ　Ｃｌｕｂ　理事長　宮田　康平,宮田　弘子,歯　小歯　矯歯　歯外,,令6. 4. 1,shika
歯科,31,0132271,おうちだに谷口歯科クリニック,鳥取市御弓町５３－１１,0857-54-1862,谷口　拓,谷口　拓,歯　矯歯　小歯　歯外,,令7. 4. 1,shika
歯科,31,0132289,Ｋデンタルオフィス,鳥取市雲山２０８番地１７,0857-24-6000,医療法人ｌｏｈｅｎ　理事長　木下　裕也,木下　裕也,歯　歯外　小歯　矯歯,,令7. 4. 1,shika
歯科,31,0132297,山根歯科医院,鳥取市東町３丁目２５８番地１,0857-38-2118,医療法人山根会　理事長　山根　浩二,山根　浩二,歯　小歯　矯歯　歯外,,令7. 4. 1,shika
歯科,31,0132305,Ｄｅｎｔａｌ　Ｃｌｉｎｉｃ　ＰＯＮＯ,鳥取市国府町新通り３丁目３５３番地,0857-24-2522,橋本　英明,橋本　英明,歯　歯外　小歯,,令7. 11. 1,shika
歯科,31,0132313,医療法人スマイル歯科・矯正歯科クリニック,鳥取市吉成南町一丁目７番地,0857-51-1558,医療法人スマイル歯科・矯正歯科クリニック　理事長　小谷　隆真,小谷　隆真,歯　矯歯　小歯　歯外,,令7. 10. 7,shika
歯科,31,0230596,岡本歯科医院,米子市加茂町１丁目３６,0859-22-2792,岡本　日出夫,岡本　日出夫,歯科,,昭54. 12. 1,shika
歯科,31,0230638,歯科吉田医院,米子市和田町１８０７－１,0859-28-8245,吉田　邦子,吉田　邦子,歯科,,平8. 1. 1,shika
歯科,31,0230745,田本歯科医院,米子市万能町９,0859-22-5409,田本　寛光,田本　寛光,歯科,,昭58. 1. 1,shika
歯科,31,0230778,あおば歯科医院,米子市福市１１７０－３,0859-26-0101,田本　知光,田本　知光,歯,,昭58. 3. 16,shika
歯科,31,0230869,渡部歯科医院,米子市四日市町９４,0859-22-4608,渡部　隆夫,渡部　隆夫,歯,,昭59. 6. 24,shika
歯科,31,0230919,セントラル歯科,米子市上福原３丁目７番３９号,0859-32-3883,田本　裕二,田本　裕二,歯科,,昭61. 4. 1,shika
歯科,31,0230968,恵歯科医院,米子市熊党９９,0859-27-4667,田本　晃,田本　晃,歯,,昭62. 9. 12,shika
歯科,31,0231040,医療法人社団　野口歯科医院,米子市旗ケ崎１丁目２番１号,0859-35-0550,医療法人社団野口歯科医院　理事長　野口　圭一,野口　圭一,歯科,,平元. 9. 11,shika
歯科,31,0231065,医療法人社団　歯科医院,米子市車尾４丁目３番４６号,0859-22-4073,医療法人社団歯科医院　理事長　　和秀,　和秀,歯科,,平元. 10. 1,shika
歯科,31,0231073,医療法人社団　あさくら歯科医院,米子市西福原５丁目８－１７,0859-34-5624,医療法人社団あさくら歯科医院　理事長　朝倉　章順,朝倉　章順,歯科　小児歯科　歯科口腔外科,,平元. 10. 1,shika
歯科,31,0231081,医療法人社団　灘尾歯科医院,米子市角盤町１丁目４２－２,0859-33-3066,医療法人社団灘尾歯科医院　理事長　灘尾　誠,灘尾　誠,歯科,,平元. 10. 1,shika
歯科,31,0231115,医療法人社団　木山歯科医院,米子市冨士見町２丁目３１番地,0859-33-5628,医療法人社団木山歯科医院　理事長　木山　力哉,木山　力哉,歯科,,平元. 10. 2,shika
歯科,31,0231123,よしだ歯科クリニック,米子市皆生４－４－１０,0859-33-6480,吉田　勇夫,吉田　勇夫,歯　小歯,,平元. 11. 1,shika
歯科,31,0231131,ホワイト歯科医院,米子市石井６９９－３,0859-26-3300,入澤　麻美子,入澤　麻美子,歯,,平2. 1. 1,shika
歯科,31,0231156,医療法人社団　彦歯科医院,米子市東福原６丁目３－４３,0859-22-0118,医療法人社団彦歯科医院　理事長　稲村　彦衛門,稲村　彦衛門,歯,,平2. 7. 1,shika
歯科,31,0231180,ひらばやし歯科クリニック,米子市夜見町２７８８－５,0859-24-1880,平林　正哉,平林　正哉,歯　小歯,,平2. 12. 1,shika
歯科,31,0231206,医療法人社団　植木歯科医院,米子市諏訪友久５１番地５,0859-26-0808,医療法人社団植木歯科医院　理事長　植木　泰久,植木　泰久,歯　歯外　小歯,,平3. 8. 1,shika
歯科,31,0231214,佐々木歯科医院,米子市祗園町２丁目２０,0859-35-4477,佐々木　晃一,佐々木　晃一,歯　小歯,,平4. 1. 6,shika
歯科,31,0231222,医療法人社団　野坂歯科医院,米子市福市１７２５番地１,0859-26-3535,医療法人社団野坂歯科医院　理事長　野坂　百樹,野坂　百樹,歯科,,平4. 5. 1,shika
歯科,31,0231255,医療法人社団厚生館　宮岡歯科医院,米子市角盤町１丁目１５４,0859-33-8118,医療法人社団厚生館宮岡歯科医院　理事長　宮岡　博就,宮岡　博就,歯科　矯正歯科　小児歯科　歯科口腔外科,,平4. 9. 1,shika
歯科,31,0231263,あべ小児歯科,米子市米原２－３－２０－２Ｆ,0859-35-8640,阿部　和久,阿部　和久,小児歯科　矯正歯科　歯科,,平4. 10. 15,shika
歯科,31,0231297,医療法人社団　いえはら歯科,米子市河崎５７５－１,0859-29-6599,医療法人社団いえはら歯科　理事長　家原　猛,家原　猛,歯　小歯　歯外,,平6. 1. 1,shika
歯科,31,0231305,医療法人社団知真会　ナガタ歯科,米子市米原４丁目３－２３,0859-23-1181,医療法人社団知真会ナガタ歯科　理事長　永田　耕蔵,永田　耕蔵,歯,,平6. 1. 1,shika
歯科,31,0231321,医療法人陽和会　歯科ノサカクリニック,米子市西福原８丁目１０番４３号,0859-35-0700,医療法人　陽和会　理事長　野坂　和正,野坂　和正,歯,,平6. 1. 1,shika
歯科,31,0231339,木山歯科クリニック,米子市夜見町３０４６－１,0859-24-4800,木山　陽介,木山　陽介,歯,,平6. 4. 1,shika
歯科,31,0231354,鳥取県西部歯科保健センター,米子市両三柳１０４－１,0859-33-3864,一般社団法人鳥取県西部歯科医師会　代表理事　足立　融,足立　融,歯,,平6. 6. 1,shika
歯科,31,0231362,医療法人社団　米原歯科クリニック,米子市米原８丁目１番３８号,0859-34-6313,医療法人社団米原歯科クリニック　理事長　掘江　隆,掘江　隆,歯科,,平11. 1. 1,shika
歯科,31,0231370,ナガセ歯科医院,米子市三旗町４－２１,0859-32-5372,医療法人社団　ナガセデンタルクリニック　理事長　永瀬　隆,永瀬　隆,歯科,,平7. 1. 1,shika
歯科,31,0231388,医療法人社団　高野歯科医院,米子市東福原３丁目１番１５号,0859-33-2038,医療法人社団高野歯科医院　理事長　高野　淳人,高野　淳人,歯科　矯正歯科　小児歯科,,平7. 1. 1,shika
歯科,31,0231396,田本歯科クリニック,米子市旗ケ崎２丁目６－１８,0859-31-8143,田本　純夫,田本　純夫,歯科　小児歯科,,平7. 10. 1,shika
歯科,31,0231404,くらさと歯科医院,米子市皆生新田２丁目１番１５号,0859-35-7337,倉郷　貴敏,倉郷　貴敏,歯,,平8. 11. 1,shika
歯科,31,0231412,やお歯科クリニック,米子市上福原３丁目３－２２,0859-23-5858,八尾　正己,八尾　正己,歯　矯歯　小歯　歯外,,平9. 2. 4,shika
歯科,31,0231420,たかの歯科クリニック,米子市博労町２丁目３１,0859-23-6700,高野　洋寿,高野　洋寿,歯,,平9. 7. 12,shika
歯科,31,0231438,みやじ歯科,米子市両三柳２７４０,0859-48-0800,宮地　雅之,宮地　雅之,歯科　小児歯科　矯正歯科,,平10. 4. 1,shika
歯科,31,0231446,古賀歯科クリニック,米子市尾高３０４１－１８,0859-27-7447,古賀　隆,古賀　隆,歯科,,平10. 5. 1,shika
歯科,31,0231453,医療法人社団　今井歯科クリニック,米子市両三柳２０３３,0859-31-8000,医療法人社団今井歯科クリニック　理事長　今井　俊広,今井　俊広,歯科,,平10. 5. 15,shika
歯科,31,0231487,野坂純歯科医院,米子市両三柳８８２,0859-48-1010,野坂　純,野坂　純,歯,,平11. 6. 15,shika
歯科,31,0231503,本田歯科医院,米子市一部２９８,0859-37-1355,本田　智毅,本田　智毅,歯,,平11. 12. 16,shika
歯科,31,0231511,医療法人社団聖雅会　原田デンタルオフィス米子分院,米子市中島２丁目１－５,0859-31-8118,医療法人社団聖雅会　理事長　原田　雅夫,原田　雅夫,歯　矯歯　歯外,,平12. 4. 1,shika
歯科,31,0231537,清水歯科クリニック,米子市宗像９４６－１,0859-26-6511,清水　久哉,清水　久哉,歯　小歯　歯外,,平13. 4. 4,shika
歯科,31,0231545,かず歯科医院,米子市三本松２丁目１３－２３,0859-38-2700,岡本　和己,岡本　和己,歯　小歯　歯外　矯歯,,平13. 4. 14,shika
歯科,31,0231552,きやま歯科医院,米子市両三柳３５－２,0859-38-8020,木山　剛,木山　剛,歯　小歯　歯外,,平13. 11. 1,shika
歯科,31,0231586,医療法人社団　りつ歯科医院,米子市夜見町２２７９番地２,0859-30-0077,医療法人社団　りつ歯科医院　理事長　平林　律,平林　律,歯科　小児歯科　歯科口腔外科　矯正歯科,,平16. 9. 7,shika
歯科,31,0231610,いなむら歯科,米子市淀江町淀江６８１－４９,0859-56-6480,医療法人社団稲村歯科医院　理事長　稲村　和俊,稲村　和俊,歯　小歯　歯外,,平4. 4. 1,shika
歯科,31,0231636,すどう歯科クリニック,米子市観音寺新町３－１－１１,0859-23-3537,須藤　昌紀,須藤　昌紀,歯　矯歯　小歯　歯外,,平17. 6. 7,shika
歯科,31,0231651,さかもと歯科クリニック,米子市両三柳３４５２,0859-29-6460,阪本　博文,阪本　博文,歯　小歯　歯外,,平17. 6. 21,shika
歯科,31,0231669,林原歯科クリニック,米子市東福原６－７－３,0859-37-5700,林原　哲之,林原　哲之,歯　小歯　矯歯,,平18. 5. 8,shika
歯科,31,0231685,アーニスト歯科クリニック,米子市旗ケ崎６－１９－３７,0859-48-1184,村田　健,村田　健,歯　歯外　小歯　矯歯,,平18. 7. 1,shika
歯科,31,0231693,Ｋ＋ｎ矯正歯科,米子市長砂町５３－２,0859-21-0555,松浦　健,松浦　健,矯歯,,平18. 7. 29,shika
歯科,31,0231735,どい歯科クリニック,米子市淀江町佐陀２１３５－５,0859-56-1600,土井　教子,土井　教子,歯,,平19. 12. 10,shika
歯科,31,0231768,医療法人社団　坂根矯正歯科,米子市明治町１７７－１,0859-31-1818,医療法人社団　坂根矯正歯科　理事長　坂根　令一,坂根　令一,矯正歯科　歯科,,平22. 4. 4,shika
歯科,31,0231792,デンタル　サロン　ド　ブライト,米子市四日市町４６,0859-30-2345,足本　敦,足本　敦,歯科,,平23. 4. 1,shika
歯科,31,0231800,米子デンタルクリニック,米子市新開５丁目１－９,0859-23-4180,齋藤　正博,齋藤　正博,歯科,,平23. 5. 1,shika
歯科,31,0231818,ＴＡＫＡデンタルクリニック,米子市道笑町４丁目８７番地１,0859-39-0606,小徳　崇人,小徳　崇人,歯　小歯,,平23. 8. 10,shika
歯科,31,0231826,山口歯科医院,米子市錦町３丁目９０番地の８,0859-22-9658,山口　富美子,山口　富美子,歯,,平24. 4. 1,shika
歯科,31,0231834,医療法人社団　いけぐち歯科クリニック,米子市西福原九丁目１１番１３号,0859-38-0900,医療法人社団　いけぐち歯科クリニック　理事長　池口　直子,池口　直子,歯　小歯　矯歯,,平25. 1. 1,shika
歯科,31,0231842,医療法人社団　古川歯科,米子市淀江町佐陀７１９番地１９,0859-56-1131,医療法人社団古川歯科　理事長　古川　清暁,古川　清暁,歯　歯外,,平26. 12. 1,shika
歯科,31,0231875,きまち歯科クリニック,米子市皆生４丁目１１－１２,0859-21-7202,来海　慶一郎,来海　慶一郎,歯,,平29. 9. 1,shika
歯科,31,0231883,岡歯科医院,米子市上後藤３丁目４－１３,0859-29-2510,岡　左登志,岡　左登志,歯,,平30. 1. 1,shika
歯科,31,0231891,伊藤歯科医院,米子市両三柳３２７６－１,0859-21-8050,伊藤　幸太,伊藤　幸太,歯,,平30. 3. 7,shika
歯科,31,0231917,舩木歯科クリニック,米子市西福原１１－２,0859-34-6131,舩木　匡一,舩木　匡一,歯　小歯,,平30. 4. 28,shika
歯科,31,0231933,たくま歯科,米子市陰田町２３８－１,0859-22-6480,永見　琢真,永見　琢真,歯　歯外　小歯,,平31. 2. 15,shika
歯科,31,0231941,おかもと歯科,米子市皆生温泉１丁目１１－３４,0859-30-2231,岡本　秀治,岡本　秀治,歯　歯外　矯歯　小歯,,平31. 4. 1,shika
歯科,31,0231958,おおの歯科医院,米子市車尾３丁目９番３３号,0859-21-3118,医療法人　ＯＦＣ　理事長　大野　光輔,大野　光輔,歯科　小児歯科　矯正歯科　歯科口腔外科,,令4. 2. 1,shika
歯科,31,0231966,かわつ歯科医院,米子市上福原３２４－１,0859-22-0180,河津　嘉孝,河津　嘉孝,歯科,,令4. 5. 1,shika
歯科,31,0231974,やはた歯科,米子市東福原５丁目１－４８,0859-30-4182,八幡　敏行,八幡　敏行,歯科　小児歯科　歯科口腔外科,,令4. 5. 14,shika
歯科,31,0231982,けやき歯科,米子市新開７丁目５番３７号,0859-36-8322,医療法人社団　白石医院　理事長　白石　康博,白石　康博,歯科　小児歯科　歯科口腔外科,,令4. 12. 1,shika
歯科,31,0232014,よなご西福原歯科医院,米子市西福原５丁目２番２４号,0859-21-1182,中井　順一,中井　順一,歯　歯外　小歯　矯歯,,令6. 7. 1,shika
歯科,31,0232030,ワイエイデンタルクリニック,米子市両三柳字大沢１５－１０７番地,0859-37-6886,医療法人社団東風会　理事長　守屋　啓吾,頼田　健吾,歯　小歯　矯歯　歯外,,令7. 4. 1,shika
歯科,31,0232048,医療法人　Ｓｍｉｌｅ　中田歯科医院,米子市尾高２７４１番地４,0859-37-0648,医療法人　Ｓｍｉｌｅ　中田歯科医院　理事長　中田　貴康,中田　貴康,歯　小歯　矯歯　歯外,,令7. 5. 1,shika
歯科,31,0232055,米子ハーミー歯科,米子市両三柳２２９６番１９,0859-21-7557,医療法人　ＨＡＲＭＹ　理事長　石井　均,石井　均,歯　小歯　矯歯　歯外,,令7. 6. 1,shika
歯科,31,0232063,米子オレンジ歯科医院,米子市安倍９７番地５,0859-57-9123,新納　貴子,新納　貴子,歯,,令8. 5. 1,shika
歯科,31,0232071,小川歯科医院,米子市両三柳４４８１－３,0859-24-2255,小川　真史,小川　真史,歯　歯外,,令8. 5. 1,shika
歯科,31,0330297,一般社団法人鳥取県中部歯科医師会　口腔衛生センター,倉吉市東巌城町６８番地,0858-22-5472,一般社団法人鳥取県中部歯科医師会口腔衛生センター　運営委員長　倉繁　雅弘,倉繁　雅弘,歯科,,昭55. 7. 1,shika
歯科,31,0330313,谷口歯科医院,倉吉市昭和町１丁目２１,0858-22-1141,谷口　晶英,谷口　晶英,歯,,昭56. 7. 16,shika
歯科,31,0330412,河崎歯科医院,倉吉市福庭町２丁目１３,0858-26-5568,河﨑　一寿,河﨑　一寿,歯,,昭62. 10. 14,shika
歯科,31,0330453,松本歯科医院,倉吉市住吉町５８,0858-22-4675,松本　博久,松本　博久,歯,,昭63. 7. 20,shika
歯科,31,0330479,医療法人社団　山中歯科医院,倉吉市東巌城町１７０,0858-22-7256,医療法人社団　山中歯科医院　理事長　山中　茂,山中　茂,歯科,,平元. 7. 1,shika
歯科,31,0330487,医療法人　くまの歯科医院,倉吉市西町２７０２番地,0858-22-2802,医療法人くまの歯科医院　理事長　熊野　秀子,熊野　秀子,歯科　矯正歯科,,平元. 7. 1,shika
歯科,31,0330495,医療法人　木本歯科医院,倉吉市昭和町１丁目１７４,0858-22-1217,医療法人　木本歯科医院　理事長　木本　達己,木本　達己,歯科,,平元. 10. 1,shika
歯科,31,0330503,医療法人　吉井歯科医院,倉吉市東巌城町１０１,0858-23-1411,医療法人　吉井歯科医院　理事長　吉井　義寿,吉井　義寿,歯科,,平元. 10. 1,shika
歯科,31,0330545,大月歯科医院,倉吉市上井３３３－１６,0858-26-2172,大月　弘司,大月　弘司,歯,,平9. 1. 1,shika
歯科,31,0330552,医療法人　森本歯科医院,倉吉市明治町１０３１－２６,0858-22-2007,医療法人森本歯科医院　理事長　森本　英嗣,森本　英嗣,歯,,平12. 3. 1,shika
歯科,31,0330560,かどわき歯科クリニック,倉吉市上井３６４－５,0858-26-8148,門脇　一郎,門脇　一郎,歯　小歯　矯歯　歯外,,平8. 10. 14,shika
歯科,31,0330586,やまもと歯科医院,倉吉市東町３５１－２,0858-22-3344,山本　回,山本　回,歯科　小児歯科　歯科口腔外科　矯正歯科,,平10. 4. 1,shika
歯科,31,0330594,ちか歯科クリニック,倉吉市西福守町５９２－１,0858-28-1234,近　豊浩,近　豊浩,歯科　小児歯科　歯科口腔外科　矯正歯科,,平11. 4. 18,shika
歯科,31,0330602,ひまわり歯科医院,倉吉市井手畑６９－３,0858-47-4600,王　秀樹,王　秀樹,歯　小歯　歯外,,平12. 2. 7,shika
歯科,31,0330610,しばた歯科,倉吉市清谷町１丁目８－１,0858-26-7080,柴田　和幸,柴田　和幸,歯　小歯,,平15. 5. 8,shika
歯科,31,0330636,あけしま歯科,倉吉市幸町５０７－２０,0858-22-0555,医療法人　明生会　理事長　明島　淳吾,明島　淳吾,歯科　小児歯科　矯正歯科,,平16. 6. 18,shika
歯科,31,0330644,小川歯科医院,倉吉市関金町関金宿２４６－１,0858-45-3418,小川　育成,小川　育成,歯科,,平10. 6. 15,shika
歯科,31,0330651,花池デンタルクリニック,倉吉市生田３５６－２,0858-48-2220,花池　泰徳,花池　泰徳,歯　小歯　歯外,,平18. 3. 31,shika
歯科,31,0330669,浜吉歯科クリニック,倉吉市清谷町１丁目１９３－２,0858-27-0811,濵吉　淳一,濵吉　淳一,歯　小歯　歯外,,平19. 11. 6,shika
歯科,31,0330677,うつぶき歯科クリニック,倉吉市鍛冶町１丁目２９７１－５０,0858-23-7570,林　秀昭,林　秀昭,歯　小歯　歯外,,平21. 6. 1,shika
歯科,31,0330685,たけ歯科医院,倉吉市駄経寺町２丁目４０－２,0858-24-5804,山本　剛志,山本　剛志,歯　歯外　小歯,,平23. 6. 1,shika
歯科,31,0330693,藤井政雄記念病院附属歯科クリニック,倉吉市山根４３番地１,0858-26-4276,社会医療法人仁厚会　理事長　藤井　一博,市来　浩司,歯　歯外,,平24. 1. 1,shika
歯科,31,0330701,パープル歯科クリニック,倉吉市山根５４０－１パープルビル２階１号室,0858-24-6022,桑名　慎太郎,桑名　慎太郎,歯　小歯　歯外　矯歯,,平24. 4. 1,shika
歯科,31,0330719,きしだ歯科クリニック,倉吉市福庭町１丁目２２２,0858-24-5588,岸田　宗丈,岸田　宗丈,歯科　歯科口腔外科　小児歯科,,平29. 2. 1,shika
歯科,31,0330727,桑名歯科医院,倉吉市宮川町１７７－１８,0858-22-3377,桑名　慎太郎,桑名　慎太郎,歯,,平30. 1. 20,shika
歯科,31,0330743,さくら坂歯科クリニック,倉吉市東巌城町１２０－１プライムスクエアビル１Ｆ,0858-24-6004,岡本　嘉博,岡本　嘉博,歯科　歯科口腔外科,,令4. 5. 1,shika
歯科,31,0330750,三代歯科医院,倉吉市上井町２丁目８－２１,0858-26-0819,遠藤　五月,遠藤　五月,歯,,令5. 5. 12,shika
歯科,31,0330768,ひぐち歯科クリニック,倉吉市明治町二丁目４３番地,0858-22-2667,医療法人ひぐち歯科クリニック　理事長　口　敬訓,口　敬訓,歯　小歯　矯歯　歯外,,令8. 4. 1,shika
歯科,31,0430204,医療法人社団　小徳歯科クリニック,境港市元町４１,0859-42-3601,医療法人社団　小徳歯科クリニック　理事長　小德　裕司,小德　賢司,歯科　小児歯科　歯科口腔外科,,平元. 10. 1,shika
歯科,31,0430220,医療法人社団　木村歯科医院,境港市小篠津町８６９－３,0859-45-5588,医療法人社団　木村歯科医院　理事長　木村　清,木村　清,歯科　小児歯科,,平元. 10. 1,shika
歯科,31,0430238,医療法人社団　足立守歯科,境港市明治町８番地,0859-44-3866,医療法人社団　足立守歯科　理事長　足立　守,足立　守,歯科,,平元. 10. 2,shika
歯科,31,0430261,ひまわり歯科医院,境港市外江町２４５５,0859-42-3205,植村　幸雄,植村　幸雄,歯,,平3. 4. 1,shika
歯科,31,0430279,たけし歯科クリニック,境港市外江町１６２５,0859-44-3600,遠藤　武司,遠藤　武司,歯科　小児歯科,,平4. 7. 15,shika
歯科,31,0430287,医療法人社団　ながせ歯科医院,境港市湊町１５０番地,0859-44-6480,医療法人社団　ながせ歯科医院　理事長　永瀬　聡,永瀬　洋介,歯,,平4. 8. 1,shika
歯科,31,0430311,さかい歯科クリニック,境港市夕日ヶ丘１丁目１７番地,0859-47-3635,酒井　博淳,酒井　博淳,歯科　小児歯科　歯科口腔外科,,平22. 5. 7,shika
歯科,31,0430329,医療法人祥敬会　森脇歯科医院,境港市中野町１８９３番地１,0859-42-5555,医療法人祥敬会　理事長　森脇　祥博,森脇　祥博,歯　小歯　矯歯　歯外,,平25. 9. 1,shika
歯科,31,0430337,倉元歯科クリニック,境港市渡町２８９２番地１,0859-47-2222,医療法人倉元医院　理事長　倉元　健志,倉元　健志,歯　小歯　歯外,,平26. 1. 1,shika
歯科,31,0430345,あい・あだちデンタルクリニック,境港市上道町１８５５－３,0859-21-1564,足立　融,足立　融,歯科　小児歯科,,平28. 4. 1,shika
歯科,31,0430352,芹田歯科,境港市明治町６７,0859-42-6562,芹田　俊,芹田　俊,歯,,令7. 9. 1,shika
歯科,31,1130050,永美歯科医院,岩美郡岩美町浦富１７１８－２,0857-73-1402,永美　善男,永美　善男,歯科,,昭55. 10. 1,shika
歯科,31,1130084,医療法人　清水歯科医院,岩美郡岩美町浦富１０３５－２,0857-72-0055,医療法人清水歯科医院　理事長　清水　恵子,清水　恵子,歯,,平6. 1. 1,shika
歯科,31,1130126,いわみ歯科クリニック,岩美郡岩美町浦富１０４８－１０,0857-72-2301,中村　直之,中村　直之,歯,,平27. 3. 1,shika
歯科,31,1230058,中尾歯科医院,八頭郡若桜町若桜２７７,0858-82-0130,中尾　淳司,中尾　淳司,歯　小歯　歯外,,平12. 4. 14,shika
歯科,31,1230249,医療法人　谷口歯科医院,八頭郡八頭町大字北山字榎ヶ坪９６番地３７,0858-84-3636,医療法人谷口歯科医院　理事長　中澤　飛鳥,中澤　飛鳥,歯,,平2. 11. 1,shika
歯科,31,1230264,医療法人社団友愛会　入江歯科医院,八頭郡八頭町安井宿１１０２番地１,0858-84-2550,医療法人社団友愛会　理事長　入江　雄一郎,林　伸伍,歯科　歯科口腔外科,,平8. 2. 1,shika
歯科,31,1230298,植田歯科医院,八頭郡八頭町郡家２９－３,0858-73-0018,植田　公弘,植田　公弘,歯科,,平5. 5. 6,shika
歯科,31,1230306,福田歯科医院,八頭郡若桜町若桜３９８－１,0858-82-1518,福田　浩子,福田　浩子,歯,,平6. 6. 15,shika
歯科,31,1230355,医療法人　岸本歯科医院,八頭郡八頭町福本２番地１１,0858-72-6480,医療法人岸本歯科医院　理事長　岸本　匡史,岸本　匡史,歯科,,平15. 9. 1,shika
歯科,31,1230397,たなべ歯科,八頭郡智頭町智頭１５３９－３,0858-71-0824,田邉　敬一朗,田邉　敬一朗,歯科,,平27. 12. 1,shika
歯科,31,1230413,谷尾歯科医院,八頭郡八頭町郡家５９０－８,0858-73-0112,谷尾　俊輔,谷尾　俊輔,歯　歯外　小歯　矯歯,,令6. 8. 1,shika
歯科,31,1430302,医療法人橋本歯科医院,東伯郡北栄町由良宿５５２－１０,0858-37-2013,医療法人橋本歯科医院　理事長　橋本　衆二郎,橋本　衆二郎,歯科,,平元. 7. 1,shika
歯科,31,1430336,岡本歯科医院,東伯郡琴浦町浦安１０２－２,0858-52-3427,医療法人岡本歯科医院　理事長　岡本　貴史,岡本　貴史,歯,,平2. 11. 9,shika
歯科,31,1430351,石亀歯科医院,東伯郡琴浦町徳万４９１－７,0858-53-0100,医療法人石亀歯科医院　理事長　石亀　裕通,石亀　裕通,歯科,,平4. 5. 1,shika
歯科,31,1430369,あだち歯科医院,東伯郡湯梨浜町中興寺３５８－１,0858-32-2181,南場　美弥,南場　美弥,歯科,,平4. 6. 15,shika
歯科,31,1430435,仲歯科医院,東伯郡北栄町由良宿１１４４－１,0858-37-2174,仲　秀典,仲　秀典,歯　矯歯　小歯　歯外,,平12. 10. 12,shika
歯科,31,1430443,さくら歯科診療所,東伯郡湯梨浜町泊１２５４－１,0858-34-6221,後藤　康裕,後藤　康裕,歯,,平14. 4. 1,shika
歯科,31,1430468,くにたけ歯科クリニック,東伯郡琴浦町八橋７９－９,0858-52-3003,國竹　洋輔,國竹　洋輔,歯,,平20. 4. 14,shika
歯科,31,1430476,船木歯科クリニック,東伯郡琴浦町赤碕１０８７－９,0858-55-2251,中久喜　健也,中久喜　健也,歯科,,平21. 7. 1,shika
歯科,31,1430484,ララ歯科クリニック,東伯郡三朝町大瀬１０７６－４,0858-43-2221,伊達岡　陽一,伊達岡　陽一,歯科　小児歯科　歯科口腔外科,,平21. 7. 1,shika
歯科,31,1430492,桑本歯科,東伯郡琴浦町保５２,0858-53-1267,桑本　泉,桑本　泉,歯,,平23. 8. 1,shika
歯科,31,1430500,えりぃ歯科クリニック,東伯郡北栄町弓原２９３－２,0858-36-6560,林　映理子,林　映理子,歯　歯外　小歯,,平25. 6. 1,shika
歯科,31,1430518,音田歯科医院,東伯郡湯梨浜町旭７７－２,0858-32-0304,音田　貢,音田　貢,歯科,,平27. 11. 1,shika
歯科,31,1530119,医療法人社団　江原歯科医院,西伯郡大山町田中５７０番地２,0858-58-2021,医療法人社団江原歯科医院　理事長　江原　修司,江原　修司,歯科,,平8. 2. 1,shika
歯科,31,1530226,入沢歯科医院,西伯郡南部町阿賀１４８,0859-66-5151,医療法人社団入沢歯科医院　理事長　入澤　満,入澤　満,歯,,平2. 8. 1,shika
歯科,31,1530267,小田歯科医院,西伯郡伯耆町押口８６－２,0859-68-4500,小田　浩一,小田　浩一,歯科　小児歯科　矯正歯科　歯科口腔外科,,平4. 7. 1,shika
歯科,31,1530275,国谷歯科医院,西伯郡大山町御来屋１６４,0859-54-3581,国谷　昌広,国谷　昌広,歯,,平6. 6. 1,shika
歯科,31,1530309,小山歯科クリニック,西伯郡大山町末長２９０－１,0859-39-5511,小山　博信,小山　博信,歯,,平11. 10. 1,shika
歯科,31,1530358,Ｅ歯科クリニック,西伯郡伯耆町大殿１０２０－６,0859-68-6001,遠藤　茂雄,遠藤　茂雄,歯科　小児歯科　歯科口腔外科　矯正歯科,,平17. 4. 1,shika
歯科,31,1530366,井上歯科クリニック,西伯郡日吉津村日吉津２１４４－１,0859-27-1234,井上　晶文,井上　晶文,歯　小歯,,平19. 11. 20,shika
歯科,31,1530382,明石歯科,西伯郡大山町御来屋１３３－７,0859-54-2372,明石　倫司,明石　倫司,歯　小歯　歯外,,令3. 4. 1,shika
歯科,31,1530390,くろせ歯科医院,西伯郡日吉津村日吉津９５２－２,0859-21-8885,黒瀬　隆文,黒瀬　隆文,歯科　歯科口腔外科　小児歯科,,令4. 3. 1,shika
歯科,31,1630273,入沢歯科医院,日野郡日南町生山６９０,0859-82-0419,入澤　雄介,入澤　雄介,歯,,平26. 6. 1,shika
歯科,31,1630299,おか歯科医院,日野郡日野町根雨４４８,0859-77-0114,岡　一行,岡　一行,歯,,平30. 4. 1,shika
薬局,31,0140116,有限会社　大村薬局,鳥取市片原３丁目２０１,0857-21-1193,有限会社大村薬局　代表取締役　大村　匡由,安藤　裕美子,,,昭32. 9. 1,yakkyoku
薬局,31,0140157,小谷薬品株式会社,鳥取市吉方町２丁目５２１,0857-22-3952,小谷薬品株式会社　代表取締役　小谷　荘介,小谷　和也,,,昭34. 1. 24,yakkyoku
薬局,31,0140272,あみはま薬局,鳥取市今町１丁目１０１,0857-23-3351,株式会社あみはま薬局　代表取締役　網濵　栄司,髙木　彰子,,,昭50. 2. 1,yakkyoku
薬局,31,0140389,吉田一陽堂駅前薬局,鳥取市栄町７０８,0857-26-5581,株式会社吉田一陽堂薬局　代表取締役　吉田　和子,森　美穂,,,昭53. 1. 20,yakkyoku
薬局,31,0140645,湯所薬局,鳥取市湯所町２丁目３２４,0857-22-5315,有限会社　湯所薬品　代表取締役　油谷　章吉,油谷　真由美,,,昭58. 8. 1,yakkyoku
薬局,31,0140835,ゆたに薬局,鳥取市吉成２０６－１,0857-21-1568,有限会社　湯所薬品　代表取締役　油谷　章吉,大谷　俊彦,,,平元. 4. 1,yakkyoku
薬局,31,0140983,三栄調剤薬局,鳥取市吉成２丁目１５－１４,0857-26-1777,有限会社　ウエヤマ　代表取締役　上山　生恵,上山　生恵,,,平2. 5. 1,yakkyoku
薬局,31,0140991,鳥取中央薬局,鳥取市末広温泉町３６２番地,0857-24-0154,有限会社　石上企画　代表取締役　石上　大介,石上　大介,,,平2. 8. 1,yakkyoku
薬局,31,0141015,有限会社　徳吉薬局松並店,鳥取市松並町２丁目５０３－７,0857-29-6348,有限会社徳吉薬局　代表取締役社長　徳吉　淳一,上村　亮太,,,平2. 9. 17,yakkyoku
薬局,31,0141072,有限会社　羽場薬局,鳥取市賀露町南１丁目８－３,0857-31-3991,有限会社　羽場薬局　代表取締役　羽場　章子,羽場　章子,,,平4. 6. 1,yakkyoku
薬局,31,0141080,有限会社　杏林堂薬局,鳥取市興南町７８,0857-21-1750,有限会社　杏林堂薬局　代表取締役　田村　英夫,田村　英夫,,,平4. 7. 1,yakkyoku
薬局,31,0141098,さくら薬局,鳥取市立川町５丁目４１,0857-22-1024,有限会社　さくら　代表取締役　横山　裕史,横山　裕史,,,平5. 4. 1,yakkyoku
薬局,31,0141122,有限会社　大村薬局城北店,鳥取市田島７３７,0857-21-1999,有限会社　大村薬局　代表取締役　大村　匡由,井﨑　久美子,,,平5. 10. 15,yakkyoku
薬局,31,0141171,ゆたに駅南薬局,鳥取市扇町１１,0857-26-5058,有限会社　湯所薬品　代表取締役　油谷　章吉,竹内　康博,,,平7. 2. 1,yakkyoku
薬局,31,0141197,谷岡薬局,鳥取市永楽温泉町１０７,0857-22-3592,谷岡　京子,森本　優子,,,平7. 4. 27,yakkyoku
薬局,31,0141254,かわばた薬局,鳥取市川端五丁目２０５番地,0857-21-1056,有限会社かわばた薬局　代表取締役　中尾　佐代子,中尾　佐代子,,,平11. 12. 8,yakkyoku
薬局,31,0141262,イヌイ薬局宮長店,鳥取市宮長２７６番地２,0857-53-5805,株式会社イヌイ　代表取締役　乾　康彦,乾　マリコ,,,平9. 11. 4,yakkyoku
薬局,31,0141387,徳吉薬局　とうぶ,鳥取市秋里７２３－４,0857-21-3360,有限会社徳吉薬局　代表取締役社長　徳吉　淳一,山本　正明,,,平12. 4. 1,yakkyoku
薬局,31,0141437,ドラッグストアエーススーパーモール鳥取店,鳥取市古海５９０－１,0857-39-8710,株式会社あみはま薬局　代表取締役　網濵　栄司,大島　圭輔,,,平13. 6. 15,yakkyoku
薬局,31,0141486,有限会社　すずらん薬局,鳥取市叶３２０番地１２,0857-51-7757,有限会社すずらん薬局　代表取締役　中河　宗一郎,安田　智彦,,,平14. 8. 1,yakkyoku
薬局,31,0141502,いなば調剤薬局　的場店,鳥取市的場２丁目７１,0857-51-7667,津山調剤薬局株式会社　代表取締役　難波　秀之,松嶋　真一郎,,,平14. 9. 17,yakkyoku
薬局,31,0141510,日本調剤　的場薬局,鳥取市的場２丁目４０番,0857-51-7731,日本調剤株式会社　代表取締役　小城　和紀,岡﨑　早由里,,,平14. 9. 15,yakkyoku
薬局,31,0141528,有限会社　津ノ井薬局,鳥取市津ノ井２５７番地１２,0857-53-3818,有限会社津ノ井薬局　代表取締役　上田　隆,上田　隆,,,平14. 11. 1,yakkyoku
薬局,31,0141551,なかの薬局,鳥取市若葉台南６丁目２３－１８,0857-52-6922,有限会社なかの薬局　代表取締役　中野　厚,中野　益子,,,平15. 4. 1,yakkyoku
薬局,31,0141627,うさぎ薬局,鳥取市国府町糸谷８番地３,0857-26-6315,有限会社清水　代表取締役　清水　真弓,山根　和枝,,,平7. 4. 1,yakkyoku
薬局,31,0141668,ひまわり薬局鹿野店,鳥取市鹿野町今市１９００－８,0857-84-6008,株式会社保健企画　代表取締役　中嶋　直己,德田　万葉,,,平12. 1. 4,yakkyoku
薬局,31,0141692,かもめ薬局,鳥取市青谷町青谷４３０７－１０,0857-85-5101,有限会社かわばた薬局　代表取締役　中尾　佐代子,中林　祐太,,,平14. 12. 25,yakkyoku
薬局,31,0141700,大村薬局松並店,鳥取市松並町１丁目１６４－３,0857-22-5593,有限会社大村薬局　代表取締役　大村　匡由,半田　恭士,,,平17. 3. 1,yakkyoku
薬局,31,0141759,あおば薬局,鳥取市青葉町３丁目１０４,0857-22-3881,前田　実,前田　実,,,平19. 2. 13,yakkyoku
薬局,31,0141767,なのはな薬局,鳥取市雲山１１３番地２０,0857-30-3400,なのはな薬局株式会社　代表取締役　西尾　一俊,花本　正幸,,,平19. 4. 3,yakkyoku
薬局,31,0141783,よつば薬局,鳥取市里仁５３番地７,0857-30-3300,株式会社　よつば薬局　代表取締役　山下　聖児,山下　聖児,,,平19. 4. 2,yakkyoku
薬局,31,0141791,もみじ薬局,鳥取市国府町宮下１１６５番地３,0857-36-8014,有限会社　清水　代表取締役　清水　真弓,清水　真弓,,,平19. 4. 16,yakkyoku
薬局,31,0141817,ひまわり薬局,鳥取市末広温泉町５７４番地,0857-21-9691,株式会社　保健企画　代表取締役　中嶋　直己,星見　美保子,,,平20. 3. 1,yakkyoku
薬局,31,0141825,なかの薬局末恒店,鳥取市美萩野１－１１８,0857-59-1193,有限会社　なかの薬局　代表取締役　中野　厚,中野　厚,,,平20. 8. 4,yakkyoku
薬局,31,0141833,イオン薬局鳥取北店,鳥取市晩稲３４８番地,0857-38-3305,イオンリテール株式会社　代表取締役　古澤　康之,岡田　健二,,,平20. 8. 21,yakkyoku
薬局,31,0141841,ふせ薬局,鳥取市布勢３２１番５,0857-30-0877,有限会社やまさき薬局　代表取締役　山﨑　一郎,谷口　賢,,,平20. 9. 1,yakkyoku
薬局,31,0141866,こやまハーブ薬局,鳥取市湖山町北１丁目４６３－１,0857-54-1883,有限会社やまさき薬局　代表取締役　山﨑　一郎,井上　大志,,,平21. 7. 1,yakkyoku
薬局,31,0141908,はまむら薬局,鳥取市気高町北浜３丁目１３１番地２,0857-82-3337,株式会社　薬明館　代表取締役　矢部　薫子,井上　千晶,,,平22. 10. 1,yakkyoku
薬局,31,0141924,株式会社林ほんどおり薬局,鳥取市末広温泉町１２６番地,0857-22-5393,株式会社林ほんどおり薬局　代表取締役　林　英夫,林　朋子,,,平23. 1. 1,yakkyoku
薬局,31,0141932,有限会社　五臓圓薬局,鳥取市二階町二丁目２０７,0857-26-1355,有限会社五臓圓薬局　代表取締役　森下　章,森下　章,,,平23. 3. 22,yakkyoku
薬局,31,0141957,鳥取県薬剤師会休日夜間薬局,鳥取市富安一丁目５８番地１,0857-50-1583,一般社団法人　鳥取県薬剤師会　会長　原　利一郎,森田　洋午,,,平23. 8. 1,yakkyoku
薬局,31,0141981,徳吉薬局　さかえまち,鳥取市栄町２１０番地,0857-30-5380,有限会社徳吉薬局　代表取締役社長　徳吉　淳一,川上　奈緒子,,,平24. 4. 1,yakkyoku
薬局,31,0141999,おうちだに薬局,鳥取市大工町頭２９番地,0857-30-6882,株式会社薬明館　代表取締役　矢部　薫子,北岡　俊輝,,,平25. 4. 1,yakkyoku
薬局,31,0142013,徳吉薬局でんえんちょう,鳥取市田園町１丁目２４２－１,0857-30-5125,有限会社徳吉薬局　代表取締役社長　徳吉　淳一,成川　吉則,,,平25. 11. 1,yakkyoku
薬局,31,0142047,くるみ薬局,鳥取市河原町河原４８番地９,0858-71-0070,株式会社　くるみ薬局　代表取締役　長谷川　晃美,長谷川　晃美,,,平26. 6. 1,yakkyoku
薬局,31,0142070,徳吉薬局　しかの,鳥取市鹿野町鹿野１０９２－１,0857-84-1201,有限会社徳吉薬局　代表取締役社長　徳吉　淳一,森本　聡,,,平27. 11. 1,yakkyoku
薬局,31,0142112,株式会社米沢薬局,鳥取市河原町長瀬８０番地１０,0858-85-1588,株式会社米沢薬局　代表取締役　米澤　純夫,米澤　純夫,,,平29. 8. 13,yakkyoku
薬局,31,0142179,あかつき薬局,鳥取市湖山町南３丁目３０１－２,0857-37-3330,株式会社あかつき　代表取締役　國森　英津子,國森　英津子,,,平30. 1. 11,yakkyoku
薬局,31,0142187,みずたま薬局,鳥取市里仁５６番地７,0857-30-6211,株式会社よつば薬局　代表取締役　山下　聖児,山下　美紀,,,平30. 4. 2,yakkyoku
薬局,31,0142195,徳吉薬局　日赤前,鳥取市尚徳町１１４－６,0857-51-1822,有限会社徳吉薬局　代表取締役社長　徳吉　淳一,徳吉　早苗,,,平30. 4. 1,yakkyoku
薬局,31,0142203,フジモト薬局,鳥取市行徳２丁目６４７,0857-36-0232,有限会社フジモトドラッグ　代表取締役　藤本　晴則,藤本　晴則,,,平30. 5. 7,yakkyoku
薬局,31,0142211,やまだ薬局,鳥取市国府町新通り３丁目３０１番地１,0857-22-0215,有限会社　博成薬局　代表取締役　山田　博也,山田　博也,,,平30. 10. 1,yakkyoku
薬局,31,0142229,徳吉薬局　市役所前,鳥取市幸町９５－２,0857-30-5963,有限会社徳吉薬局　代表取締役社長　徳吉　淳一,小林　直貴,,,令元. 11. 1,yakkyoku
薬局,31,0142260,つくし薬局,鳥取市岩倉４４６－２９,0857-25-3588,熊谷　紀夫,熊谷　紀夫,,,令2. 8. 29,yakkyoku
薬局,31,0142278,はなまる薬局,鳥取市南吉方３丁目５１４－３,0857-30-5120,株式会社よつば薬局　代表取締役　山下　聖児,前田　拓馬,,,令2. 11. 1,yakkyoku
薬局,31,0142286,ドラッグストアエース興南町薬局,鳥取市興南町３９－２,0857-50-0281,株式会社あみはま薬局　代表取締役　網濵　栄司,石谷　千恵,,,令2. 12. 1,yakkyoku
薬局,31,0142302,ウェルネス薬局　叶店,鳥取市叶３３０番１,0857-30-7205,株式会社ツルハグループドラッグ＆ファーマシー西日本　代表取締役社長　村上　正一,藤原　翔汰,,,令4. 5. 1,yakkyoku
薬局,31,0142328,徳吉薬局　こやま,鳥取市湖山町東２丁目１４０番２,0857-30-6208,有限会社徳吉薬局　代表取締役社長　徳吉　淳一,長石　朗,,,令4. 11. 1,yakkyoku
薬局,31,0142336,ドラッグストアエース鳥取おうちだに薬局,鳥取市大榎町１７,0857-22-8556,株式会社あみはま薬局　代表取締役　網濵　栄司,上田　由紀,,,令5. 1. 1,yakkyoku
薬局,31,0142351,あかつき薬局用瀬,鳥取市用瀬町用瀬４４６－１,0858-76-2211,株式会社あかつき　代表取締役　國森　英津子,國森　遵司,,,令5. 1. 1,yakkyoku
薬局,31,0142476,池田薬局,鳥取市今町１丁目３２３,0857-23-1251,株式会社池田薬局　代表取締役　池田　尚代,池田　明子,,,令5. 7. 30,yakkyoku
薬局,31,0142492,徳吉薬局　ちよみ,鳥取市千代水２丁目９７,0857-30-6711,有限会社徳吉薬局　代表取締役社長　徳吉　淳一,中澤　聖人,,,令6. 5. 1,yakkyoku
薬局,31,0142500,テンシル薬局,鳥取市南隈５６７番地,0857-32-1310,株式会社ミルキーマリーンホールディングス　代表取締役　松山　喜範,松本　由美子,,,令6. 4. 1,yakkyoku
薬局,31,0142518,ウェルネス薬局　片原店,鳥取市本町五丁目４０４－６,0857-30-3575,株式会社ツルハグループドラッグ＆ファーマシー西日本　代表取締役社長　村上　正一,福田　智美,,,令6. 8. 1,yakkyoku
薬局,31,0142526,しもだ薬局,鳥取市叶２８３番地３,0857-37-4501,株式会社ファブール　代表取締役　玉田　尚,下田　晋,,,令8. 2. 1,yakkyoku
薬局,31,0142534,みやなが薬局,鳥取市宮長１３－７,0857-50-1120,株式会社ファーマシィ　代表取締役　武田　輝美,齋藤　貴巳,,,令8. 5. 1,yakkyoku
薬局,31,0142542,アイン薬局湖山店,鳥取市湖山町北２丁目５５７,0857-37-3488,株式会社ファーマシィ　代表取締役　武田　輝美,平尾　武文,,,令8. 5. 1,yakkyoku
薬局,31,0142559,はまさか薬局,鳥取市江津４０８－８美丘ビル,0857-30-2345,株式会社ファーマシィ　代表取締役　武田　輝美,田中　結貴,,,令8. 5. 1,yakkyoku
薬局,31,0142567,常田調剤薬局,鳥取市西町３丁目１１０－２,0857-27-7164,株式会社ファーマシィ　代表取締役　武田　輝美,細田　万起子,,,令8. 5. 1,yakkyoku
薬局,31,0142575,アイン薬局鳥取扇町店,鳥取市扇町１２３－２,0857-30-1301,株式会社ファーマシィ　代表取締役　武田　輝美,田村　浩,,,令8. 5. 1,yakkyoku
薬局,31,0142583,たむら調剤薬局,鳥取市湯所町２丁目１８１,0857-27-1861,株式会社ファーマシィ　代表取締役　武田　輝美,秋吉　貴史,,,令8. 5. 1,yakkyoku
薬局,31,0142591,アイン薬局鳥取北店,鳥取市晩稲４３７－４,0857-32-9550,株式会社ファーマシィ　代表取締役　武田　輝美,西尾　梨花,,,令8. 5. 1,yakkyoku
薬局,31,0142609,みなみ薬局,鳥取市富安１－７６,0857-27-3730,株式会社ファーマシィ　代表取締役　武田　輝美,谷澤　智樹,,,令8. 5. 1,yakkyoku
薬局,31,0142617,徳吉薬局　よしなり,鳥取市吉成南町１丁目２７番９号,0857-53-3577,有限会社徳吉薬局　代表取締役社長　徳吉　淳一,徳吉　公司,,,令8. 5. 2,yakkyoku
薬局,31,0142633,アイ・プラス薬局　上魚町店,鳥取市上魚町１４－５,0857-25-1500,株式会社ウィーズ　代表取締役　田　達也,田中　薫,,,令8. 6. 1,yakkyoku
薬局,31,0142641,アイ・プラス薬局　南隈店,鳥取市南隈１６３－３,0857-30-5270,株式会社ウィーズ　代表取締役　田　達也,河本　志磨子,,,令8. 6. 1,yakkyoku
薬局,31,0142658,アイ・プラス薬局　吉成店,鳥取市富安３３２－５,0857-30-6825,株式会社ウィーズ　代表取締役　田　達也,杉本　竜啓,,,令8. 6. 1,yakkyoku
薬局,31,0142666,アイ・プラス薬局　岩倉店,鳥取市岩倉４５２－１８ロッジ４５２　１号室,0857-32-8992,株式会社ウィーズ　代表取締役　田　達也,山本　祐美,,,令8. 6. 1,yakkyoku
薬局,31,0142674,アイ・プラス薬局　卯垣店,鳥取市卯垣４丁目１０１－１,0857-38-2270,株式会社ウィーズ　代表取締役　田　達也,成毛　奈央美,,,令8. 6. 1,yakkyoku
薬局,31,0142682,アイ・プラス薬局　叶店,鳥取市叶２８９－２,0857-51-7511,株式会社ウィーズ　代表取締役　田　達也,窪田　良樹,,,令8. 6. 1,yakkyoku
薬局,31,0142690,アイ・プラス薬局　安長店,鳥取市安長２５７－３,0857-30-5705,株式会社ウィーズ　代表取締役　田　達也,宮本　涼平,,,令8. 6. 1,yakkyoku
薬局,31,0142708,イオン薬局鳥取店,鳥取市天神町１番地外,0857-21-3029,イオンリテール株式会社　代表取締役　古澤　康之,岡山　寛,,,令8. 6. 14,yakkyoku
薬局,31,0240148,有限会社　山田薬局,米子市道笑町１丁目８番地,0859-22-2817,有限会社　山田薬局　代表取締役　山田　千恵,山田　千恵,,,昭35. 4. 9,yakkyoku
薬局,31,0240247,仙田薬局,米子市角盤町１丁目２５,0859-22-6295,仙田　明美,仙田　明美,,,昭49. 9. 1,yakkyoku
薬局,31,0240379,有限会社　アド調剤薬局,米子市東町１９２,0859-33-7958,有限会社アド調剤薬局　代表取締役　大谷　誠司,大谷　祐子,,,平10. 7. 23,yakkyoku
薬局,31,0240635,都田薬局,米子市道笑町１丁目１０８,0859-22-2581,都田　芳郎,都田　芳郎,,,平4. 2. 15,yakkyoku
薬局,31,0240676,今井薬局,米子市上後藤５丁目１３番３４号,0859-29-7266,今井　秀博,今井　秀博,,,平5. 1. 18,yakkyoku
薬局,31,0240700,薬局レセータ,米子市中島２丁目１番４７号,0859-34-1133,株式会社　日医工サンイン　代表取締役　村上　玲,山本　晴美,,,平5. 7. 1,yakkyoku
薬局,31,0240734,薬局いわがき,米子市角盤町１丁目４２,0859-32-6061,有限会社いわがき　代表取締役　岩垣　孝樹,岩垣　博美,,,平12. 3. 1,yakkyoku
薬局,31,0240775,フォルテシモ,米子市新開５丁目１番９号,0859-35-3536,有限会社　フォルテシモ　代表取締役　深田　眞智子,深田　眞智子,,,平11. 9. 2,yakkyoku
薬局,31,0240858,あさがお薬局,米子市榎原１８８８－６,0859-26-4700,有限会社　アオト薬局　代表取締役　一橋　雅人,一橋　雅人,,,平7. 4. 1,yakkyoku
薬局,31,0240866,もり薬局,米子市角盤町１－１４３,0859-31-2465,森　和恵,森　和恵,,,平7. 4. 17,yakkyoku
薬局,31,0240874,ケイ・アイ堂薬局,米子市皆生新田２丁目２－１５,0859-22-7396,株式会社　池田薬局　代表取締役　池田　尚代,池田　紀乃,,,平7. 5. 1,yakkyoku
薬局,31,0240916,どい薬局,米子市西福原６丁目２－２９,0859-22-6807,有限会社土井　代表取締役　土井　博司,髙田　陽子,,,平7. 12. 1,yakkyoku
薬局,31,0240924,薬局スタッセ,米子市道笑町４丁目９２－１,0859-34-9355,小原商事株式会社　代表取締役　小原　得雄,小原　佳子,,,平11. 11. 29,yakkyoku
薬局,31,0240932,有限会社　あすなろ調剤薬局,米子市夜見町１９２４－４,0859-29-2210,有限会社あすなろ調剤薬局　代表取締役　都田　修史,都田　修史,,,平8. 4. 1,yakkyoku
薬局,31,0241021,みなと調剤薬局,米子市花園町１３０－１９,0859-35-9547,有限会社　みなと調剤薬局　代表取締役　大谷　咲子,大谷　咲子,,,平9. 6. 2,yakkyoku
薬局,31,0241120,ばくろうまち薬局,米子市博労町１丁目１３３－２,0859-37-2030,渡部　文夫,山中　里奈,,,平10. 4. 1,yakkyoku
薬局,31,0241161,しおん薬局,米子市富益町３５３３－５,0859-25-0057,有限会社あすなろ調剤薬局　代表取締役　都田　修史,宮地　香奈,,,平11. 12. 16,yakkyoku
薬局,31,0241187,有限会社　素問元気堂薬局,米子市新開六丁目４番７号,0859-34-9171,有限会社素問元気堂薬局　代表取締役　青砥　真央,青砥　真央,,,平11. 12. 27,yakkyoku
薬局,31,0241195,春日調剤薬局,米子市上新印２５６番２０,0859-37-1350,有限会社ヴィレッジ　代表取締役　村本　亘,藤原　慶子,,,平12. 1. 4,yakkyoku
薬局,31,0241278,ひだまり薬局,米子市安倍４０－３,0859-30-0388,有限会社ひだまり薬局　取締役　松下　直美,松下　直美,,,平14. 7. 1,yakkyoku
薬局,31,0241294,青空薬局,米子市道笑町４丁目１２２番地８,0859-38-8949,小原商事株式会社　代表取締役　小原　得雄,井上　たえ,,,平14. 9. 1,yakkyoku
薬局,31,0241351,みずとり薬局,米子市彦名町１４５７－１,0859-30-0840,有限会社みずとり薬局　代表取締役　陶山　大貴,木村　啓子,,,平15. 6. 1,yakkyoku
薬局,31,0241393,かも調剤薬局,米子市両三柳１８９０－２,0859-30-0888,有限会社　スマイル保健企画　代表取締役　上原　隆,水野　敬亮,,,平15. 11. 17,yakkyoku
薬局,31,0241492,有限会社　エンゼル薬局,米子市八幡７２１－１,0859-26-2525,有限会社　エンゼル薬局　代表取締役　梅國　和子,梅國　和子,,,平17. 8. 1,yakkyoku
薬局,31,0241542,あい調剤薬局,米子市上後藤２－３－６,0859-38-0810,株式会社　ナガイ薬局　代表取締役　永井　勝正,永井　智恵,,,平18. 12. 1,yakkyoku
薬局,31,0241559,きらら薬局,米子市西福原９丁目１１番１５号,0859-34-6567,株式会社ハイブリッジ　代表取締役　高橋　寿夫,高橋　寿夫,,,平19. 1. 4,yakkyoku
薬局,31,0241567,すみれ薬局,米子市博労町３丁目８３番地の１,0859-21-3001,有限会社　土井　代表取締役　土井　博司,土井　博司,,,平19. 3. 5,yakkyoku
薬局,31,0241666,しらとり調剤薬局,米子市皆生新田１丁目９番１３号,0859-34-0018,株式会社エスマイル　代表取締役　大下　訓生,平川　慎二,,,平20. 10. 1,yakkyoku
薬局,31,0241682,ながすな薬局,米子市長砂町５４番３,0859-36-9383,小原商事株式会社　代表取締役　小原　得雄,青砥　千紘,,,平20. 10. 30,yakkyoku
薬局,31,0241690,リブ調剤薬局,米子市旗ケ崎５丁目１６－１４,0859-21-1871,有限会社　アド調剤薬局　代表取締役　大谷　誠司,神庭　隆,,,平20. 12. 1,yakkyoku
薬局,31,0241708,ふくいち薬局,米子市福市８６２－１０,0859-39-7113,有限会社ピーシーネット　代表取締役　渡部　文夫,由永　利絵,,,平21. 11. 1,yakkyoku
薬局,31,0241732,藤幸堂薬局,米子市安倍２００－１,0859-24-1555,株式会社　フジタ薬局　代表取締役　藤田　幸一,藤田　憲幸,,,平23. 5. 1,yakkyoku
薬局,31,0241757,淀江調剤薬局,米子市淀江町佐陀１４００,0859-39-4567,株式会社　大陽堂薬局　代表取締役　宮永　昭彦,弘部　紘司,,,平24. 4. 1,yakkyoku
薬局,31,0241773,すみよしファミリー薬局,米子市上後藤７丁目１－５７,0859-21-7580,株式会社　エスマイル　代表取締役　大下　訓生,市村　祐一郎,,,平24. 5. 14,yakkyoku
薬局,31,0241799,サニー薬局,米子市車尾南１丁目１５－４６,0859-30-3800,株式会社　サニー薬局　代表取締役　西垣　俊太,西垣　俊太,,,平24. 9. 1,yakkyoku
薬局,31,0241815,だんだん調剤薬局,米子市両三柳４４８２－１２,0859-21-8812,有限会社　アライブ薬局　代表取締役　田中　伸生,植上　安崇,,,平24. 10. 1,yakkyoku
薬局,31,0241823,すずらん薬局,米子市道笑町４丁目２２２－１,0859-37-2252,おしどり調剤薬局有限会社　代表取締役　宇田　麻友子,宇田　麻友子,,,平25. 3. 1,yakkyoku
薬局,31,0241849,桜調剤薬局,米子市西倉吉町６９番地,0859-21-5102,株式会社薬援隊　代表取締役　野島　司行,野島　司行,,,平25. 9. 1,yakkyoku
薬局,31,0241856,共創未来　ホスピタウン薬局,米子市河崎５７４－１,0859-29-8093,株式会社ファーマみらい　代表取締役　岡山　善郎,堀尾　琴子,,,平25. 11. 1,yakkyoku
薬局,31,0241898,ウェルネス薬局角盤店,米子市角盤町３丁目８４,0859-31-6122,株式会社ツルハグループドラッグ＆ファーマシー西日本　代表取締役社長　村上　正一,周藤　遥,,,平27. 8. 16,yakkyoku
薬局,31,0241906,ウェルネス薬局東福原店,米子市東福原１丁目６－１６,0859-31-6500,株式会社ツルハグループドラッグ＆ファーマシー西日本　代表取締役社長　村上　正一,下田　衣織,,,平27. 8. 16,yakkyoku
薬局,31,0241914,ウェルネス薬局両三柳店,米子市両三柳２１２６－２,0859-37-2733,株式会社ツルハグループドラッグ＆ファーマシー西日本　代表取締役社長　村上　正一,水野　百合香,,,平27. 8. 16,yakkyoku
薬局,31,0241922,イヨウ薬局福市店,米子市福市１６６８－２,0859-26-6858,株式会社ミルキーマリーンホールディングス　代表取締役　松山　喜範,山本　成孝,,,平27. 9. 1,yakkyoku
薬局,31,0241930,共創未来　米子中町薬局,米子市中町８３,0859-35-4761,株式会社ファーマみらい　代表取締役　岡山　善郎,相馬　貴博,,,平28. 1. 1,yakkyoku
薬局,31,0241963,アール薬局　東福原店,米子市東福原六丁目５番６号,0859-46-0711,株式会社アールファーマシー　代表取締役　島田　孝治,島田　孝治,,,平28. 11. 1,yakkyoku
薬局,31,0241989,むらかみ薬局,米子市両三柳３０８,0859-46-0150,株式会社日医工サンイン　代表取締役　村上　玲,片山　君江,,,平29. 3. 1,yakkyoku
薬局,31,0242003,大陽堂薬局新開店,米子市新開２丁目１３番５３号,0859-23-5922,株式会社大陽堂薬局　代表取締役　宮永　昭彦,中村　博美,,,平29. 5. 1,yakkyoku
薬局,31,0242029,ウェルネス薬局淀江店,米子市淀江町西原１０２９－３,0859-56-5903,株式会社ツルハグループドラッグ＆ファーマシー西日本　代表取締役社長　村上　正一,遠藤　寛子,,,平29. 11. 1,yakkyoku
薬局,31,0242045,ファーマシィ薬局くるみ,米子市道笑町４－１２２－１０,0859-38-1211,株式会社ファーマシィ　代表取締役　武田　輝美,岸岡　昌志,,,平30. 1. 1,yakkyoku
薬局,31,0242052,サフラン薬局,米子市東町２８２ＧＯＧＹＯビル２階,0859-21-5367,新共栄商事有限会社　代表取締役　木下　光雄,木下　実佳,,,平30. 3. 1,yakkyoku
薬局,31,0242060,クローバー薬局,米子市石井７００－１,0859-21-0300,門　孝幸,門　孝幸,,,平30. 4. 1,yakkyoku
薬局,31,0242078,ぎほう薬局,米子市角盤町４丁目２９－１,0859-57-5666,有限会社金田薬局　代表取締役　金田　賢司,田渕　理江,,,平30. 4. 2,yakkyoku
薬局,31,0242086,はまなす薬局,米子市富益町１１３０番地,0859-25-1850,株式会社くすりのサノ　代表取締役　佐野　俊輔,佐野　俊輔,,,平30. 4. 1,yakkyoku
薬局,31,0242094,ローリエ薬局　安倍店,米子市安倍５２６－３,0859-21-5534,ユアファーマ株式会社　代表取締役　門脇　正明,門脇　正明,,,平30. 9. 8,yakkyoku
薬局,31,0242102,五千石調剤薬局,米子市八幡７０３－１６,0859-39-7211,有限会社　ヴィレッジ　代表取締役　村本　亘,村本　凌太郎,,,平30. 10. 1,yakkyoku
薬局,31,0242110,クオール薬局　皆生温泉店,米子市皆生温泉１－１２－２２,0859-35-4713,クオール株式会社　代表取締役　柄澤　忍,髙須　裕之,,,平30. 10. 1,yakkyoku
薬局,31,0242128,ファーマシィ薬局西福原,米子市西福原４丁目９番５０号,0859-36-2131,株式会社ファーマシィ　代表取締役　武田　輝美,稲村　真衣,,,平30. 11. 1,yakkyoku
薬局,31,0242136,福生薬局,米子市皆生三丁目６番１号,0859-46-0130,平岡合同会社　代表社員　平岡　秀夫,平岡　秀夫,,,平31. 4. 1,yakkyoku
薬局,31,0242144,ウェルネス薬局米原６丁目店,米子市米原六丁目６番６号,0859-39-1115,株式会社ツルハグループドラッグ＆ファーマシー西日本　代表取締役社長　村上　正一,世良田　淳,,,令元. 5. 1,yakkyoku
薬局,31,0242151,長谷川薬局,米子市夜見町３０２３番地２９,0859-48-1077,株式会社ぷらば　代表取締役　長谷川　一将,黒川　香織,,,令元. 9. 1,yakkyoku
薬局,31,0242169,大崎薬局,米子市大崎１２４２番地,0859-48-2211,株式会社ぷらば　代表取締役　長谷川　一将,久家　さとみ,,,令元. 9. 1,yakkyoku
薬局,31,0242185,オレンジ薬局,米子市福市１７２３－９,0859-26-1492,株式会社エスマイル　代表取締役　大下　訓生,櫃田　彩穂,,,令元. 10. 1,yakkyoku
薬局,31,0242193,ウエルシア薬局　米子東福原店,米子市東福原六丁目１２番３９号,0859-38-3038,ウエルシア薬局株式会社　代表取締役　田中　純一,久村　誠也,,,令2. 11. 1,yakkyoku
薬局,31,0242201,西部薬局,米子市車尾４－１３－２４,0859-35-0778,有限会社アド調剤薬局　代表取締役　大谷　誠司,高塚　雄太,,,令2. 12. 1,yakkyoku
薬局,31,0242227,ケアタウン薬局,米子市奥谷１１３５番地１,0859-60-9215,株式会社カオナ　代表取締役　大石　かおり,大石　かおり,,,令3. 3. 8,yakkyoku
薬局,31,0242235,かみふくばら薬局,米子市上福原２丁目１７－１６,0859-31-5661,有限会社ピーシーネット　代表取締役　渡部　真輔,渡部　真輔,,,令3. 4. 19,yakkyoku
薬局,31,0242243,後藤ヶ丘薬局,米子市上後藤１丁目８－２８,0859-21-8114,株式会社ＨＩＲＡＧＩ　代表取締役　平木　洋輔,平木　洋輔,,,令3. 9. 1,yakkyoku
薬局,31,0242250,日本調剤　博愛前薬局,米子市両三柳１８８０,0859-36-8510,日本調剤株式会社　代表取締役　小城　和紀,中西　晶子,,,令3. 10. 1,yakkyoku
薬局,31,0242268,ウェルネス薬局皆生店,米子市皆生新田３丁目１番１,0859-23-4775,株式会社ツルハグループドラッグ＆ファーマシー西日本　代表取締役社長　村上　正一,實井　佑華,,,令3. 10. 31,yakkyoku
薬局,31,0242276,ローリエ薬局　角盤店,米子市角盤町４丁目９９,0859-21-9012,ユアファーマ株式会社　代表取締役　門脇　正明,中墨　真吾,,,令4. 1. 1,yakkyoku
薬局,31,0242284,キンタカファーマシー,米子市上福原５８２番地１,0859-32-0560,株式会社キンタカ　代表取締役　金高　拓夫,長尾　慎彦,,,令4. 2. 1,yakkyoku
薬局,31,0242292,日本調剤　とりだい薬局,米子市西町３６番地１,0859-23-6565,日本調剤株式会社　代表取締役　小城　和紀,前谷　沙也香,,,令4. 2. 1,yakkyoku
薬局,31,0242300,平安堂ふくよね薬局,米子市東福原七丁目１０番１号,0859-36-8385,株式会社平安堂　代表取締役　石部　厚夫,西村　茂樹,,,令4. 4. 1,yakkyoku
薬局,31,0242367,ほしぞら薬局,米子市安倍３４７－２,0859-29-5600,株式会社Ｃｏｎｎｅｃｔｉｎｇ　Ｄｏｔｓ　代表取締役　亀井　礼志,遠藤　大哉,,,令5. 11. 1,yakkyoku
薬局,31,0242375,ファーマシィ薬局米子センター,米子市車尾四丁目１４番１５号,0859-36-2831,株式会社ファーマシィ　代表取締役　武田　輝美,松原　千枝,,,令5. 12. 11,yakkyoku
薬局,31,0242383,しんまち薬局,米子市西福原二丁目１－１０,0859-35-1639,株式会社　キンタカ　代表取締役　金高　拓夫,木村　幸美,,,令6. 2. 1,yakkyoku
薬局,31,0242391,四日市薬局,米子市四日市町５０番２,0859-21-0235,ザイタック株式会社　代表取締役　平尾　真,三浦　優希,,,令6. 1. 1,yakkyoku
薬局,31,0242409,米子ほんどおり薬局,米子市紺屋町５８番地２,0859-23-6614,ザイタック株式会社　代表取締役　平尾　真,川又　賢太,,,令6. 1. 1,yakkyoku
薬局,31,0242417,ウェルネス薬局米原店,米子市米原五丁目１１番２９号,0859-21-2075,株式会社ツルハグループドラッグ＆ファーマシー西日本　代表取締役社長　村上　正一,作野　香奈子,,,令6. 5. 1,yakkyoku
薬局,31,0242433,桔梗堂薬局,米子市東福原三丁目８番１号,0859-33-6006,有限会社アド調剤薬局　代表取締役　大谷　誠司,土中　克美,,,令6. 4. 1,yakkyoku
薬局,31,0242441,ほしぞら薬局　皆生通り店,米子市東福原六丁目１番２号,0859-33-2410,株式会社Ｃｏｎｎｅｃｔｉｎｇ　Ｄｏｔｓ　代表取締役　亀井　礼志,森　智久,,,令6. 8. 1,yakkyoku
薬局,31,0242458,なべや薬局上福原店,米子市上福原五丁目５－４０,0859-23-6661,有限会社ティーエイチシー　代表取締役　福島　潔,坂野　浩平,,,令6. 10. 1,yakkyoku
薬局,31,0242466,尾高薬局,米子市尾高９０４－７,0859-21-0003,有限会社土井　代表取締役　土井　博司,最上　雅子,,,令6. 12. 1,yakkyoku
薬局,31,0242474,ゆのはな薬局,米子市皆生新田三丁目５番１９号,0859-39-1150,株式会社ミルキーマリーンホールディングス　代表取締役　松山　喜範,岡本　俊幸,,,令6. 12. 1,yakkyoku
薬局,31,0242482,かわしま薬局,米子市日原６１－２,0859-21-5857,株式会社Ｌ＆Ｈ　代表取締役　川島　雅弘,川島　雅弘,,,令7. 1. 1,yakkyoku
薬局,31,0242508,かくばんちょう薬局,米子市角盤町三丁目１３１,0859-30-3358,有限会社金田薬局　代表取締役　金田　賢司,梅國　秀之,,,令7. 2. 25,yakkyoku
薬局,31,0242516,みどり薬局,米子市両三柳３２８８番地５,0859-48-0248,株式会社ウィーズ　代表取締役　田　達也,山﨑　元気,,,令7. 11. 1,yakkyoku
薬局,31,0242524,オリーブ薬局,米子市車尾南１丁目８番２７号,0859-38-3557,株式会社キンタカ　代表取締役　金高　拓夫,吉澤　秀昭,,,令8. 4. 1,yakkyoku
薬局,31,0242532,エスマイル薬局かも町店,米子市加茂町１丁目２１,0859-22-8272,株式会社エスマイル　代表取締役　大下　訓生,福井　侑,,,令8. 4. 6,yakkyoku
薬局,31,0242540,サンライフ薬局,米子市東福原５丁目４－６,0859-23-0833,株式会社ミルキーマリーンホールディングス　代表取締役　松山　喜範,河津　美里,,,令8. 5. 1,yakkyoku
薬局,31,0242557,かりん薬局,米子市淀江町今津１４８－６,0859-37-4900,株式会社ミルキーマリーンホールディングス　代表取締役　松山　喜範,須山　守,,,令8. 5. 1,yakkyoku
薬局,31,0242565,アイ・プラス薬局　博労町店,米子市博労町４丁目３５６－３,0859-21-4720,株式会社ウィーズ　代表取締役　田　達也,古杉　瑞江,,,令8. 6. 1,yakkyoku
薬局,31,0340138,大陽堂薬局本店,倉吉市上井２７番地１,0858-26-5418,株式会社　大陽堂薬局　代表取締役　宮永　昭彦,忌部　美里,,,平10. 4. 1,yakkyoku
薬局,31,0340278,加藤調剤薬局一本木店,倉吉市山根６３７番地５,0858-26-5580,有限会社加藤調剤薬局　代表取締役　加藤　隆之,芳田　麻紀,,,昭62. 10. 14,yakkyoku
薬局,31,0340294,小鴨薬局昭和店,倉吉市昭和町２丁目１,0858-22-6711,有限会社ミネ・マネジメント・システム　代表取締役　米田　剛,米田　瑞希,,,平元. 5. 1,yakkyoku
薬局,31,0340344,北斗調剤薬局,倉吉市新町３丁目１１７７－１,0858-23-5082,有限会社北斗　代表取締役　中塩　友一,恩田　貴子,,,平4. 5. 1,yakkyoku
薬局,31,0340377,小林薬局マロニエ店,倉吉市昭和町１丁目２５－１,0858-23-1233,小林薬局有限会社　代表取締役　小林　康治,小林　康治,,,平7. 11. 1,yakkyoku
薬局,31,0340385,有限会社　セイビ堂薬局,倉吉市宮川町１２９,0858-23-2950,有限会社セイビ堂薬局　代表取締役　藤井　義博,藤井　義博,,,平7. 12. 15,yakkyoku
薬局,31,0340393,ひかり調剤薬局,倉吉市東巌城町５６番地,0858-23-0081,有限会社　ひかり保健企画　代表取締役　岩間　徹,山本　佐知子,,,平8. 7. 1,yakkyoku
薬局,31,0340443,加藤調剤薬局ふくば店,倉吉市福庭町１丁目１１１番地,0858-48-1550,有限会社　加藤調剤薬局　代表取締役　加藤　隆之,加藤　圭二,,,平9. 9. 1,yakkyoku
薬局,31,0340450,小林薬局ロータリー店,倉吉市昭和町１丁目２１１－２,0858-23-1225,小林薬局有限会社　代表取締役　小林　康治,西尾　琢也,,,平10. 4. 1,yakkyoku
薬局,31,0340476,日本調剤西町薬局,倉吉市仲ノ町２７１２－１,0858-47-3123,日本調剤株式会社　代表取締役　小城　和紀,德丸　奈緒子,,,平10. 9. 1,yakkyoku
薬局,31,0340518,生田調剤薬局,倉吉市生田３６０番３,0858-48-2080,有限会社　生田調剤薬局　代表取締役　永川　賢司,永川　賢司,,,平11. 12. 1,yakkyoku
薬局,31,0340534,有限会社　マキタ薬局,倉吉市上井３０２番５,0858-27-4555,有限会社マキタ薬局　代表取締役　牧田　明,牧田　明,,,平12. 1. 4,yakkyoku
薬局,31,0340567,大陽堂薬局新町店,倉吉市新町３丁目１０８１－６,0858-23-5117,株式会社　大陽堂薬局　代表取締役　宮永　昭彦,森下　聡夫,,,平12. 10. 16,yakkyoku
薬局,31,0340591,大陽堂薬局山根店,倉吉市山根４１５番４,0858-27-4335,株式会社　大陽堂薬局　代表取締役　宮永　昭彦,米田　恭子,,,平15. 7. 1,yakkyoku
薬局,31,0340609,小鴨薬局,倉吉市丸山町４７７－２,0858-28-3755,有限会社　ミネ・マネジメント・システム　代表取締役　米田　剛,植田　克己,,,平16. 3. 1,yakkyoku
薬局,31,0340641,田中薬局清谷店,倉吉市清谷町１丁目２１５,0858-27-0555,田中薬局有限会社　代表取締役　田中　一臣,田中　一臣,,,平18. 11. 1,yakkyoku
薬局,31,0340690,ゆかわ薬局,倉吉市昭和町２丁目７０番地,0858-27-2556,株式会社　ゆかわ薬局　代表取締役　井上　雅江,井上　雅江,,,平20. 8. 1,yakkyoku
薬局,31,0340716,さくら薬局,倉吉市東昭和町１５８－２,0858-47-1055,株式会社薬明館　代表取締役　矢部　薫子,松本　知佳,,,平21. 10. 1,yakkyoku
薬局,31,0340724,明治町薬局,倉吉市明治町１０３１－３４,0858-47-3500,株式会社薬明館　代表取締役　矢部　薫子,松原　紀子,,,平21. 10. 1,yakkyoku
薬局,31,0340732,あすなろ薬局,倉吉市上井町１丁目１２番７,0858-48-9500,株式会社薬明館　代表取締役　矢部　薫子,多田羅　誠人,,,平21. 10. 1,yakkyoku
薬局,31,0340740,杏薬局,倉吉市上井町１丁目１３７番地,0858-48-9213,株式会社　エスマイル　代表取締役　大下　訓生,岡田　望,,,平23. 10. 1,yakkyoku
薬局,31,0340757,みどり薬局,倉吉市東昭和町３３番１,0858-47-6101,株式会社　エスマイル　代表取締役　大下　訓生,杉谷　崇仁,,,平23. 10. 1,yakkyoku
薬局,31,0340773,小林薬局,倉吉市明治町１０３２－６,0858-23-1231,小林薬局有限会社　代表取締役　小林　康治,井上　須賀子,,,平24. 12. 1,yakkyoku
薬局,31,0340799,共創未来　倉吉宮川薬局,倉吉市宮川町１３１－７,0858-22-8899,株式会社ファーマみらい　代表取締役　岡山　善郎,西村　豊,,,平25. 11. 1,yakkyoku
薬局,31,0340807,スマイル薬局,倉吉市上井町１丁目８－３０,0858-24-6255,株式会社　薬明館　代表取締役　矢部　薫子,矢次　良光,,,平26. 6. 1,yakkyoku
薬局,31,0340823,梨花調剤薬局　津原店,倉吉市津原３９２－４,0858-27-0155,有限会社　梨花調剤薬局　代表取締役　萬藤　洋子,萬藤　洋子,,,平28. 1. 1,yakkyoku
薬局,31,0340831,加藤調剤薬局,倉吉市山根５３１－４,0858-26-6565,有限会社加藤調剤薬局　代表取締役　加藤　隆之,加藤　美加,,,平28. 6. 1,yakkyoku
薬局,31,0340856,西倉薬局,倉吉市秋喜１５２番４,0858-28-3222,有限会社　倉吉ドラッグ　代表取締役　永川　賢司,黒木　大介,,,平29. 12. 4,yakkyoku
薬局,31,0340864,あかり薬局,倉吉市福庭町２丁目１７３－２,0858-27-1977,株式会社薬明館　代表取締役　矢部　薫子,中尾　宗彦,,,平30. 2. 1,yakkyoku
薬局,31,0340898,こざくら薬局,倉吉市昭和町２丁目１５５番地,0858-24-6602,株式会社　薬明館　代表取締役　矢部　薫子,布　倫子,,,平30. 7. 1,yakkyoku
薬局,31,0340906,ミナミ薬局有限会社,倉吉市上井町１丁目１２番地,0858-26-3733,ミナミ薬局有限会社　代表取締役　南　浩,南　浩,,,平31. 3. 1,yakkyoku
薬局,31,0340914,倉吉薬局,倉吉市南昭和町１７番地,0858-22-1351,有限会社　加藤調剤薬局　代表取締役　加藤　隆之,佐倉　章文,,,令元. 12. 1,yakkyoku
薬局,31,0340930,ウエルシア薬局　倉吉上井店,倉吉市上井町一丁目１１番地７,0858-48-1210,ウエルシア薬局株式会社　代表取締役　田中　純一,大西　瑛梨,,,令3. 8. 1,yakkyoku
薬局,31,0340948,ウェルネス薬局八屋店,倉吉市八屋１９５－７,0858-27-0268,株式会社ツルハグループドラッグ＆ファーマシー西日本　代表取締役社長　村上　正一,加田　貴久,,,令3. 12. 1,yakkyoku
薬局,31,0340955,やまざくら薬局,倉吉市山根５３９－４,0858-24-6866,エイエムファーマ株式会社　代表取締役　安渡　雅記,忌部　義夫,,,令4. 11. 1,yakkyoku
薬局,31,0340963,パンダ薬局,倉吉市堺町３丁目７０番地,0858-24-5503,有限会社　北斗　代表取締役　中塩　友一,中塩　友一,,,令5. 7. 1,yakkyoku
薬局,31,0340989,山田薬局,倉吉市上灘町１７１,0858-23-6539,株式会社ウィーズ　代表取締役　田　達也,中村　三千代,,,令6. 12. 1,yakkyoku
薬局,31,0340997,ひだまり薬局,倉吉市宮川町１７４－１５,0858-27-0071,株式会社ねこのひげ　代表取締役　波多野　達士,森永　綾香,,,令7. 9. 1,yakkyoku
薬局,31,0440060,有限会社　對山堂薬局,境港市本町２５－１,0859-42-2250,有限会社對山堂薬局　代表取締役　足立　雅子,足立　則文,,,平7. 12. 1,yakkyoku
薬局,31,0440227,増谷薬局蓮池店,境港市蓮池町１０２,0859-47-0325,有限会社増谷慶一郎薬局　代表取締役　増谷　正寛,大山　亮,,,平11. 10. 15,yakkyoku
薬局,31,0440243,なべや薬局明治町店,境港市明治町１７－１,0859-21-0400,有限会社ティーエイチシー　代表取締役　福島　潔,矢野　満実子,,,平14. 8. 15,yakkyoku
薬局,31,0440250,境中央薬局,境港市上道町３３１７,0859-42-5922,有限会社スマイル保健企画　代表取締役　上原　隆,佐藤　学,,,平17. 2. 1,yakkyoku
薬局,31,0440268,アライブ薬局上道店,境港市上道町３０５２－１,0859-42-1155,有限会社　アライブ薬局　代表取締役　田中　伸生,田中　伸生,,,平18. 4. 1,yakkyoku
薬局,31,0440276,ナガイ薬局境港店,境港市米川町２８６,0859-42-5058,株式会社　ナガイ薬局　代表取締役　永井　勝正,永井　勝正,,,平18. 12. 1,yakkyoku
薬局,31,0440292,たけのうち薬局,境港市竹内町５７８番地７,0859-47-2355,有限会社　アライブ薬局　代表取締役　田中　伸生,山下　恵子,,,平22. 4. 3,yakkyoku
薬局,31,0440326,外江薬局,境港市外江町上廻沢２２７５－１,0859-21-7755,有限会社ティーエイチシー　代表取締役　福島　潔,三品　拓也,,,平27. 9. 1,yakkyoku
薬局,31,0440334,エスマイル薬局　境港店,境港市馬場崎町１７７－３,0859-21-2205,株式会社エスマイル　代表取締役　大下　訓生,中尾　友理子,,,平28. 6. 1,yakkyoku
薬局,31,0440359,ウェルネス薬局　境港店,境港市蓮池町９２－１,0859-21-2766,株式会社ツルハグループドラッグ＆ファーマシー西日本　代表取締役社長　村上　正一,末吉　祥朗,,,令3. 1. 16,yakkyoku
薬局,31,0440367,ザグザグ薬局境港店,境港市蓮池町５７番１,0859-47-4110,株式会社ザグザグ　代表取締役　森　信,犬飼　勇仁,,,令4. 5. 1,yakkyoku
薬局,31,0440375,クオール薬局　境港店,境港市上道町１８９５－１,0859-47-4489,クオール株式会社　代表取締役　柄澤　忍,竹本　光恵,,,令4. 9. 3,yakkyoku
薬局,31,1140081,アイン薬局鳥取岩美店,岩美郡岩美町浦富７３５－７,0857-72-0606,株式会社ファーマシィ　代表取締役　武田　輝美,久保　勝裕,,,令8. 5. 1,yakkyoku
薬局,31,1240162,にしむら薬局郡家店,八頭郡八頭町奥谷１３５－４,0858-72-1230,有限会社にしむら薬局　代表取締役　西村　知英子,西村　知英子,,,平3. 12. 2,yakkyoku
薬局,31,1240204,だいいち薬局,八頭郡智頭町智頭１８９３－５,0858-75-1189,有限会社　だいいち薬局　代表取締役　國岡　充朗,松尾　圭,,,平9. 3. 17,yakkyoku
薬局,31,1240212,きしだ薬局,八頭郡八頭町宮谷２２１－２,0858-76-0120,有限会社きしだ　代表取締役　岸田　茂,岸田　茂,,,平13. 11. 1,yakkyoku
薬局,31,1240220,いわもと薬局,八頭郡八頭町坂田３５０－７,0858-76-0200,岩本　陽子,岩本　陽子,,,平12. 12. 8,yakkyoku
薬局,31,1240238,イヌイ薬局　郡家中央店,八頭郡八頭町宮谷２４８－１,0858-72-6638,株式会社イヌイ　代表取締役　乾　康彦,井上　理,,,平15. 12. 6,yakkyoku
薬局,31,1240253,わかさ薬局,八頭郡若桜町若桜９２６－１３,0858-82-0253,有限会社木島薬局　代表取締役　大野　哲義,大野　哲義,,,令6. 4. 1,yakkyoku
薬局,31,1240261,大村薬局こおげ駅前店,八頭郡八頭町郡家６４７－６,0858-71-1193,有限会社大村薬局　代表取締役　大村　匡由,森岡　邦充,,,令7. 8. 1,yakkyoku
薬局,31,1240279,アイ・プラス薬局　郡家店,八頭郡八頭町池田２０５－１,0858-71-0760,株式会社ウィーズ　代表取締役　田　達也,太田　宏樹,,,令8. 6. 1,yakkyoku
薬局,31,1440143,家森薬局,東伯郡琴浦町赤碕１１４４－４,0858-55-0482,有限会社家森薬品　代表取締役　家森　あい,家森　好恵,,,平2. 1. 5,yakkyoku
薬局,31,1440150,中部薬局赤碕店,東伯郡琴浦町赤碕１８４８－１１,0858-55-2100,有限会社　ハラファーマシー　代表取締役　原　利一郎,原　利一郎,,,平9. 10. 1,yakkyoku
薬局,31,1440168,アイ調剤薬局,東伯郡湯梨浜町はわい長瀬６８０－１５,0858-35-3877,有限会社アイ・メディコ　代表取締役　石川　智宏,石川　智宏,,,平3. 6. 1,yakkyoku
薬局,31,1440192,あかさき薬局,東伯郡琴浦町赤碕１９８４－８,0858-55-1901,有限会社あかさき薬局　代表取締役　牧野　幸弘,牧野　幸弘,,,平5. 10. 15,yakkyoku
薬局,31,1440234,ハワイ調剤薬局,東伯郡湯梨浜町はわい長瀬６１５番地６,0858-35-6060,有限会社　ハワイ調剤薬局　代表取締役　澤　文恵,澤　文恵,,,平9. 6. 2,yakkyoku
薬局,31,1440242,まつもと薬局,東伯郡琴浦町赤碕１０９１－５,0858-55-2032,松本　美八子,松本　美八子,,,平9. 11. 4,yakkyoku
薬局,31,1440291,ひらふく薬局八橋店,東伯郡琴浦町八橋宮ノ前１７０３－６,0858-53-6136,有限会社　平福薬局　代表取締役　平福　孝,平福　孝,,,平13. 9. 1,yakkyoku
薬局,31,1440317,田中薬局松崎店,東伯郡湯梨浜町龍島４８６,0858-48-6866,田中薬局　有限会社　代表取締役　田中　一臣,田中　美由貴,,,平20. 3. 21,yakkyoku
薬局,31,1440341,のぞみ薬局,東伯郡湯梨浜町田後２２３－１,0858-47-5077,株式会社薬明館　代表取締役　矢部　薫子,　智志,,,平21. 10. 1,yakkyoku
薬局,31,1440358,かじか調剤薬局,東伯郡三朝町山田６８３－１,0858-43-5050,株式会社　エスマイル　代表取締役　大下　訓生,尾崎　里佳,,,平27. 6. 1,yakkyoku
薬局,31,1440374,ことうら薬局,東伯郡琴浦町逢束１２１２－１,0858-53-6021,松本　恵吾,松本　恵吾,,,平30. 7. 1,yakkyoku
薬局,31,1440390,北斗薬局ほくえい店,東伯郡北栄町国坂７２０番地３,0858-36-2515,有限会社北斗　代表取締役　中塩　友一,中塩　美奈子,,,令6. 7. 2,yakkyoku
薬局,31,1440416,トマト薬局,東伯郡琴浦町徳万１７６番地５,0858-52-1670,株式会社ウィーズ　代表取締役　田　達也,永　さやか,,,令8. 6. 1,yakkyoku
薬局,31,1540173,なのはな薬局,西伯郡伯耆町大原９３０－２,0859-68-6600,有限会社　なのはな薬局　取締役　三宅　直美,三宅　直美,,,平14. 1. 1,yakkyoku
薬局,31,1540207,ヒエズ調剤薬局,西伯郡日吉津村日吉津２２８４－１,0859-39-3777,株式会社　キンタカ　代表取締役　金高　拓夫,山根　拓也,,,平14. 7. 15,yakkyoku
薬局,31,1540231,とみよし調剤薬局,西伯郡日吉津村日吉津１４１７番地１,0859-39-3250,有限会社　ｈａｌｖ　代表取締役　石和田　崇,石和田　崇,,,平16. 4. 1,yakkyoku
薬局,31,1540249,大山口薬局,西伯郡大山町末長２９２－７,0859-53-1007,株式会社　キンタカ　代表取締役　金高　拓夫,鷲見　直哉,,,平16. 4. 23,yakkyoku
薬局,31,1540264,鬼守調剤薬局,西伯郡伯耆町溝口１７３－５,0859-39-9955,有限会社アップル　代表取締役　稲村　治年,小松原　敬子,,,平11. 3. 30,yakkyoku
薬局,31,1540280,ナガイ薬局,西伯郡伯耆町大殿６１８,0859-68-3938,株式会社　ナガイ薬局　代表取締役　永井　勝正,永井　育子,,,平18. 11. 1,yakkyoku
薬局,31,1540298,なんぶ薬局,西伯郡南部町阿賀字平塚２０２番１,0859-66-4571,株式会社　キンタカ　代表取締役　金高　拓夫,田中　凡子,,,平19. 4. 21,yakkyoku
薬局,31,1540306,イオン薬局日吉津店,西伯郡日吉津村日吉津１１６０－１,0859-37-0571,イオンリテール株式会社　代表取締役　古澤　康之,木下　智佳,,,平20. 10. 17,yakkyoku
薬局,31,1540314,うなばら薬局,西伯郡日吉津村日吉津１５８２番１,0859-21-8705,株式会社　キンタカ　代表取締役　金高　拓夫,吉田　直希,,,平23. 1. 15,yakkyoku
薬局,31,1540330,ヤマト薬局,西伯郡南部町倭３８１－９,0859-39-6565,株式会社ハートアークヤマト　代表取締役　仲田　司朗,松本　一宏,,,平25. 11. 1,yakkyoku
薬局,31,1540355,おおくに調剤薬局,西伯郡南部町倭３９７－２０,0859-39-6250,株式会社エスマイル　代表取締役　大下　訓生,前園　健作,,,平31. 4. 1,yakkyoku
薬局,31,1540371,いな薬局,西伯郡大山町富長７４９－３,0859-54-6230,株式会社ウィーズ　代表取締役　田　達也,戸　静子,,,令6. 10. 1,yakkyoku
薬局,31,1540389,フラワー薬局,西伯郡伯耆町溝口２－１,0859-39-9188,株式会社　ハートアークヤマト　代表取締役　仲田　司朗,齋木　雄介,,,令6. 10. 1,yakkyoku
薬局,31,1540397,野の花薬局,西伯郡大山町田中６５１番地１,0858-49-3070,株式会社大陽堂薬局　代表取締役　宮永　昭彦,波多野　達士,,,令8. 4. 1,yakkyoku
薬局,31,1640080,トミヤ調剤薬局,日野郡日野町野田３１７－６,0859-72-1717,有限会社　トミヤ調剤薬局　代表取締役　真壁　寿広,真壁　寿広,,,平12. 12. 20,yakkyoku
薬局,31,1640098,おしどり調剤薬局,日野郡日野町野田３１９番地５,0859-72-6200,島田薬品株式会社　代表取締役　島田　一郎,島田　直子,,,平20. 7. 1,yakkyoku
薬局,31,1640106,日南薬局,日野郡日南町生山字塚ノ向５０６－１１,0859-77-1107,株式会社　エスマイル　代表取締役　大下　訓生,山﨑　恒明,,,平22. 4. 1,yakkyoku
薬局,31,1640114,江府総合薬局,日野郡江府町江尾１８３５,0859-75-3818,株式会社　フジタ薬局　代表取締役　藤田　幸一,藤田　幸一,,,平23. 5. 1,yakkyoku
