pref_code,fiscal_year,category,receipt_count,days
01,2016,医科入院,1715672,28140617
01,2017,医科入院,1733305,28364441
01,2018,医科入院,1725919,28146597
01,2019,医科入院,1713647,28013818
01,2020,医科入院,1584182,26339486
01,2021,医科入院,1575074,25902776
01,2022,医科入院,1557718,25405045
01,2023,医科入院,1607282,25929610
01,2024,医科入院,1623367,25967595
01,2025,医科入院,1499748,23842402
01,2016,医科入院外,41952663,63541038
01,2017,医科入院外,42049292,63023732
01,2018,医科入院外,42020621,62207263
01,2019,医科入院外,41771160,61225109
01,2020,医科入院外,38215350,55345893
01,2021,医科入院外,39389646,56503496
01,2022,医科入院外,40757644,57768293
01,2023,医科入院外,41923862,58892996
01,2024,医科入院外,41779048,58459443
01,2025,医科入院外,37452416,52049244
01,2016,歯科,8002662,16569164
01,2017,歯科,8186594,16522458
01,2018,歯科,8354806,16399510
01,2019,歯科,8569629,16425563
01,2020,歯科,8025928,15328056
01,2021,歯科,8375773,15252937
01,2022,歯科,8632244,15189591
01,2023,歯科,8817805,15091926
01,2024,歯科,9107403,15164358
01,2025,歯科,8410423,13661372
01,2016,総計,51761967,108881874
01,2017,総計,52069674,108608018
01,2018,総計,52212455,107526418
01,2019,総計,52175873,106524016
01,2020,総計,47963665,98030491
01,2021,総計,49492966,98821185
01,2022,総計,51114935,99666415
01,2023,総計,52534495,101419547
01,2024,総計,52718823,101352539
01,2025,総計,47578291,91397237
01,2016,訪問看護,90970,631055
01,2017,訪問看護,100483,697387
01,2018,訪問看護,111109,773048
01,2019,訪問看護,121437,859526
01,2020,訪問看護,138205,1017056
01,2021,訪問看護,152473,1161976
01,2022,訪問看護,167329,1303486
01,2023,訪問看護,185546,1505015
01,2024,訪問看護,209005,1761143
01,2025,訪問看護,215704,1844219
01,2016,調剤,29052842,35469504
01,2017,調剤,29222608,35440377
01,2018,調剤,29413653,35417484
01,2019,調剤,29396298,35161352
01,2020,調剤,27127440,31960554
01,2021,調剤,27964348,32881451
01,2022,調剤,28964277,33801700
01,2023,調剤,30457329,35655903
01,2024,調剤,30520557,35632519
01,2025,調剤,27462847,31833986
02,2016,医科入院,322364,5109026
02,2017,医科入院,321666,5066821
02,2018,医科入院,319564,5016124
02,2019,医科入院,313793,4919156
02,2020,医科入院,298903,4694878
02,2021,医科入院,294155,4576036
02,2022,医科入院,284626,4400428
02,2023,医科入院,294262,4589312
02,2024,医科入院,295765,4600868
02,2025,医科入院,271020,4194291
02,2016,医科入院外,11391762,18284497
02,2017,医科入院外,11341636,17854542
02,2018,医科入院外,11325149,17500208
02,2019,医科入院外,11255294,17120091
02,2020,医科入院外,10355901,15431651
02,2021,医科入院外,10523482,15476988
02,2022,医科入院外,10660459,15437625
02,2023,医科入院外,10893721,15706266
02,2024,医科入院外,10714786,15339283
02,2025,医科入院外,9626872,13648692
02,2016,歯科,1680517,3453526
02,2017,歯科,1694457,3391950
02,2018,歯科,1722472,3358603
02,2019,歯科,1780202,3357935
02,2020,歯科,1710009,3178665
02,2021,歯科,1733962,3094833
02,2022,歯科,1744633,3032760
02,2023,歯科,1781970,3014004
02,2024,歯科,1835964,3014712
02,2025,歯科,1702027,2721850
02,2016,総計,13418034,27011914
02,2017,総計,13382590,26488936
02,2018,総計,13394425,26065678
02,2019,総計,13378825,25597858
02,2020,総計,12396733,23537749
02,2021,総計,12585133,23399876
02,2022,総計,12725232,23150424
02,2023,総計,13008875,23626357
02,2024,総計,12886956,23286049
02,2025,総計,11639337,20886534
02,2016,訪問看護,23391,164865
02,2017,訪問看護,24831,175623
02,2018,訪問看護,27240,190743
02,2019,訪問看護,29536,200676
02,2020,訪問看護,31920,232555
02,2021,訪問看護,33534,252019
02,2022,訪問看護,35514,279611
02,2023,訪問看護,38922,316775
02,2024,訪問看護,40441,331186
02,2025,訪問看護,39418,321701
02,2016,調剤,8095805,10272764
02,2017,調剤,8183081,10284553
02,2018,調剤,8221418,10214793
02,2019,調剤,8189211,10078896
02,2020,調剤,7588037,9152133
02,2021,調剤,7710379,9264006
02,2022,調剤,7855720,9339911
02,2023,調剤,8180359,9779048
02,2024,調剤,8114419,9629926
02,2025,調剤,7338570,8641758
03,2016,医科入院,312983,4956243
03,2017,医科入院,312036,4907910
03,2018,医科入院,306361,4811034
03,2019,医科入院,299610,4734004
03,2020,医科入院,283373,4493350
03,2021,医科入院,285177,4486690
03,2022,医科入院,278462,4377821
03,2023,医科入院,281776,4419708
03,2024,医科入院,281901,4382382
03,2025,医科入院,261303,4030800
03,2016,医科入院外,10449573,15389971
03,2017,医科入院外,10412263,15184355
03,2018,医科入院外,10364574,14938750
03,2019,医科入院外,10284944,14648344
03,2020,医科入院外,9601682,13530341
03,2021,医科入院外,9733175,13580947
03,2022,医科入院外,9958066,13713125
03,2023,医科入院外,10081287,13832217
03,2024,医科入院外,10004061,13687896
03,2025,医科入院外,9023270,12267491
03,2016,歯科,1956192,3599284
03,2017,歯科,1976994,3560557
03,2018,歯科,1984242,3508057
03,2019,歯科,2005291,3463122
03,2020,歯科,1949810,3337131
03,2021,歯科,1973123,3272701
03,2022,歯科,1976735,3209147
03,2023,歯科,2014615,3197363
03,2024,歯科,2070336,3196729
03,2025,歯科,1915688,2879024
03,2016,総計,12734781,24053401
03,2017,総計,12718920,23773141
03,2018,総計,12675716,23399806
03,2019,総計,12612546,23001907
03,2020,総計,11860190,21546376
03,2021,総計,12020412,21551362
03,2022,総計,12245157,21531639
03,2023,総計,12412690,21704031
03,2024,総計,12394408,21563413
03,2025,総計,11237727,19475306
03,2016,訪問看護,16033,107903
03,2017,訪問看護,17627,120319
03,2018,訪問看護,20539,141965
03,2019,訪問看護,22701,156437
03,2020,訪問看護,25325,185554
03,2021,訪問看護,28937,211024
03,2022,訪問看護,31894,231546
03,2023,訪問看護,35012,254743
03,2024,訪問看護,38110,296406
03,2025,訪問看護,37466,297991
03,2016,調剤,7148206,8561279
03,2017,調剤,7290303,8702186
03,2018,調剤,7366612,8743606
03,2019,調剤,7385586,8701309
03,2020,調剤,6962831,8083814
03,2021,調剤,7059014,8165174
03,2022,調剤,7242587,8308083
03,2023,調剤,7453480,8592735
03,2024,調剤,7439109,8562291
03,2025,調剤,6768671,7750932
04,2016,医科入院,509467,7447798
04,2017,医科入院,516981,7530684
04,2018,医科入院,517725,7482321
04,2019,医科入院,514411,7420273
04,2020,医科入院,490330,7066955
04,2021,医科入院,489196,7038252
04,2022,医科入院,479733,6887253
04,2023,医科入院,498891,7135015
04,2024,医科入院,504441,7099419
04,2025,医科入院,466693,6528468
04,2016,医科入院外,19437632,28896792
04,2017,医科入院外,19547935,28782310
04,2018,医科入院外,19621236,28569243
04,2019,医科入院外,19440238,27978861
04,2020,医科入院外,17918677,25434317
04,2021,医科入院外,18646973,26237091
04,2022,医科入院外,19252940,26794015
04,2023,医科入院外,19821448,27334946
04,2024,医科入院外,19809789,27187505
04,2025,医科入院外,18002209,24525797
04,2016,歯科,4002278,7100358
04,2017,歯科,4074737,7088434
04,2018,歯科,4141666,7016890
04,2019,歯科,4243937,7002364
04,2020,歯科,4015012,6605974
04,2021,歯科,4212162,6675813
04,2022,歯科,4319634,6660698
04,2023,歯科,4422756,6672182
04,2024,歯科,4543264,6719696
04,2025,歯科,4225758,6131741
04,2016,総計,23986559,43687689
04,2017,総計,24182113,43684690
04,2018,総計,24325036,43372012
04,2019,総計,24246529,42736478
04,2020,総計,22476424,39487921
04,2021,総計,23406874,40388107
04,2022,総計,24118582,40858489
04,2023,総計,24817516,41752384
04,2024,総計,24942997,41763853
04,2025,総計,22781990,37978346
04,2016,訪問看護,37182,242741
04,2017,訪問看護,42460,283262
04,2018,訪問看護,44409,303558
04,2019,訪問看護,47943,334980
04,2020,訪問看護,52405,380675
04,2021,訪問看護,58543,436951
04,2022,訪問看護,66275,516523
04,2023,訪問看護,74421,610241
04,2024,訪問看護,85503,757233
04,2025,訪問看護,87330,792340
04,2016,調剤,13313120,16428249
04,2017,調剤,13436002,16467289
04,2018,調剤,13583181,16513778
04,2019,調剤,13617099,16407628
04,2020,調剤,12629295,14903115
04,2021,調剤,13169095,15504567
04,2022,調剤,13713667,16016863
04,2023,調剤,14438467,16925358
04,2024,調剤,14518116,16970838
04,2025,調剤,13311837,15460924
05,2016,医科入院,274905,4510258
05,2017,医科入院,271942,4448748
05,2018,医科入院,268908,4405268
05,2019,医科入院,266077,4360313
05,2020,医科入院,253119,4162828
05,2021,医科入院,254044,4140692
05,2022,医科入院,247014,4014917
05,2023,医科入院,250265,4040230
05,2024,医科入院,252591,3984964
05,2025,医科入院,230555,3642040
05,2016,医科入院外,8885941,13203727
05,2017,医科入院外,8798870,12927125
05,2018,医科入院外,8764533,12713318
05,2019,医科入院外,8677164,12435063
05,2020,医科入院外,8162816,11509505
05,2021,医科入院外,8248060,11524373
05,2022,医科入院外,8380063,11650879
05,2023,医科入院外,8456331,11590275
05,2024,医科入院外,8354559,11377674
05,2025,医科入院外,7516505,10146837
05,2016,歯科,1527187,2898611
05,2017,歯科,1547131,2876461
05,2018,歯科,1559452,2843309
05,2019,歯科,1594991,2824098
05,2020,歯科,1531827,2672776
05,2021,歯科,1546847,2612242
05,2022,歯科,1558804,2570437
05,2023,歯科,1581304,2539233
05,2024,歯科,1611094,2517363
05,2025,歯科,1473376,2255455
05,2016,総計,10696831,20672624
05,2017,総計,10627273,20317362
05,2018,総計,10603143,20033423
05,2019,総計,10549730,19699134
05,2020,総計,9960881,18437815
05,2021,総計,10063941,18389047
05,2022,総計,10203129,18372608
05,2023,総計,10306533,18319678
05,2024,総計,10239846,18057556
05,2025,総計,9243298,16234424
05,2016,訪問看護,8798,60028
05,2017,訪問看護,9330,65028
05,2018,訪問看護,10250,71528
05,2019,訪問看護,11498,79660
05,2020,訪問看護,13119,92706
05,2021,訪問看護,14990,111740
05,2022,訪問看護,17248,136375
05,2023,訪問看護,18633,149940
05,2024,訪問看護,21602,177555
05,2025,訪問看護,22862,190092
05,2016,調剤,6489840,7959058
05,2017,調剤,6445649,7845434
05,2018,調剤,6427854,7763995
05,2019,調剤,6386064,7658408
05,2020,調剤,6035353,7128317
05,2021,調剤,6095132,7175847
05,2022,調剤,6173632,7217839
05,2023,調剤,6315653,7390902
05,2024,調剤,6255254,7285768
05,2025,調剤,5667027,6565713
06,2016,医科入院,282410,4397131
06,2017,医科入院,283209,4396297
06,2018,医科入院,281585,4400857
06,2019,医科入院,277856,4339534
06,2020,医科入院,258702,4083744
06,2021,医科入院,258446,4064907
06,2022,医科入院,253762,4001879
06,2023,医科入院,259535,4056194
06,2024,医科入院,258590,4015080
06,2025,医科入院,234006,3624254
06,2016,医科入院外,10126515,15279889
06,2017,医科入院外,10085315,15029396
06,2018,医科入院外,10076379,14865389
06,2019,医科入院外,9989214,14576669
06,2020,医科入院外,9304312,13354447
06,2021,医科入院外,9568791,13657927
06,2022,医科入院外,9815317,13918415
06,2023,医科入院外,9939459,13915544
06,2024,医科入院外,9892394,13756920
06,2025,医科入院外,8876874,12230842
06,2016,歯科,1972193,3349798
06,2017,歯科,1990117,3318081
06,2018,歯科,2011337,3280674
06,2019,歯科,2046491,3268126
06,2020,歯科,1927847,3039151
06,2021,歯科,2006165,3057558
06,2022,歯科,2019691,3010048
06,2023,歯科,2055474,2998067
06,2024,歯科,2085155,2982336
06,2025,歯科,1935298,2712861
06,2016,総計,12396739,23122499
06,2017,総計,12375779,22851837
06,2018,総計,12387727,22662915
06,2019,総計,12333864,22319441
06,2020,総計,11513088,20633911
06,2021,総計,11858783,20963278
06,2022,総計,12116572,21134211
06,2023,総計,12284788,21193338
06,2024,総計,12267950,20985254
06,2025,総計,11077810,18800043
06,2016,訪問看護,15621,95681
06,2017,訪問看護,17138,108063
06,2018,訪問看護,18426,115995
06,2019,訪問看護,20303,135112
06,2020,訪問看護,22227,156569
06,2021,訪問看護,25381,182886
06,2022,訪問看護,27802,203869
06,2023,訪問看護,30320,223533
06,2024,訪問看護,31811,230918
06,2025,訪問看護,31632,232086
06,2016,調剤,6421398,7854693
06,2017,調剤,6442313,7823603
06,2018,調剤,6486079,7818452
06,2019,調剤,6499761,7777152
06,2020,調剤,6132211,7211677
06,2021,調剤,6330606,7440100
06,2022,調剤,6588161,7695141
06,2023,調剤,6828222,7995253
06,2024,調剤,6845922,7979881
06,2025,調剤,6169715,7137321
07,2016,医科入院,447294,6918414
07,2017,医科入院,447741,6865848
07,2018,医科入院,444515,6782420
07,2019,医科入院,441085,6717123
07,2020,医科入院,414350,6282645
07,2021,医科入院,404059,6142699
07,2022,医科入院,402232,6022686
07,2023,医科入院,411444,6123899
07,2024,医科入院,414754,6068471
07,2025,医科入院,377447,5498076
07,2016,医科入院外,16025704,23721712
07,2017,医科入院外,15987893,23402757
07,2018,医科入院外,15953700,23094233
07,2019,医科入院外,15710528,22466316
07,2020,医科入院外,14400338,20343650
07,2021,医科入院外,14827993,20838220
07,2022,医科入院外,15246279,21283777
07,2023,医科入院外,15507453,21383719
07,2024,医科入院外,15362483,21084285
07,2025,医科入院外,13828553,18823187
07,2016,歯科,2953656,5560703
07,2017,歯科,2995530,5538067
07,2018,歯科,3042052,5514350
07,2019,歯科,3114965,5504544
07,2020,歯科,2967992,5224612
07,2021,歯科,3082657,5224003
07,2022,歯科,3116964,5132926
07,2023,歯科,3186541,5125602
07,2024,歯科,3242400,5099329
07,2025,歯科,2979084,4575363
07,2016,総計,19450246,36334591
07,2017,総計,19458674,35956893
07,2018,総計,19469995,35557732
07,2019,総計,19300214,34871204
07,2020,総計,17818697,32050314
07,2021,総計,18354682,32434489
07,2022,総計,18810044,32705197
07,2023,総計,19159203,32974450
07,2024,総計,19080291,32654449
07,2025,総計,17247500,29315678
07,2016,訪問看護,23592,133762
07,2017,訪問看護,27510,150221
07,2018,訪問看護,29728,166729
07,2019,訪問看護,33636,183221
07,2020,訪問看護,36017,199407
07,2021,訪問看護,39973,229567
07,2022,訪問看護,44569,265808
07,2023,訪問看護,53765,341230
07,2024,訪問看護,60654,402364
07,2025,訪問看護,62416,419052
07,2016,調剤,10339635,12592199
07,2017,調剤,10429753,12612137
07,2018,調剤,10483746,12584871
07,2019,調剤,10447586,12433078
07,2020,調剤,9667380,11301847
07,2021,調剤,9940853,11610018
07,2022,調剤,10248881,11879045
07,2023,調剤,10677823,12428732
07,2024,調剤,10814931,12556122
07,2025,調剤,9811474,11308533
08,2016,医科入院,596123,9037791
08,2017,医科入院,600325,9074610
08,2018,医科入院,596978,9031875
08,2019,医科入院,593614,8971778
08,2020,医科入院,572359,8499624
08,2021,医科入院,565996,8432986
08,2022,医科入院,556164,8287670
08,2023,医科入院,572245,8528563
08,2024,医科入院,570635,8393626
08,2025,医科入院,525176,7669376
08,2016,医科入院外,21584753,32625388
08,2017,医科入院外,21728447,32520004
08,2018,医科入院外,21771829,32247506
08,2019,医科入院外,21598770,31714847
08,2020,医科入院外,19743833,28694952
08,2021,医科入院外,20760729,29967471
08,2022,医科入院外,21640542,30942949
08,2023,医科入院外,22246445,31512141
08,2024,医科入院外,22317406,31455133
08,2025,医科入院外,20162455,28225478
08,2016,歯科,4763341,8729432
08,2017,歯科,4870415,8712562
08,2018,歯科,4949706,8691338
08,2019,歯科,5047386,8635756
08,2020,歯科,4751586,8142032
08,2021,歯科,5021389,8259432
08,2022,歯科,5118398,8197347
08,2023,歯科,5240233,8195612
08,2024,歯科,5326800,8173448
08,2025,歯科,4935887,7422100
08,2016,総計,26976696,50593616
08,2017,総計,27236298,50542606
08,2018,総計,27359684,50230089
08,2019,総計,27285594,49621508
08,2020,総計,25121338,45714729
08,2021,総計,26410243,47119487
08,2022,総計,27388189,47984868
08,2023,総計,28144954,48931450
08,2024,総計,28314642,48859020
08,2025,総計,25725708,44174331
08,2016,訪問看護,32479,201005
08,2017,訪問看護,37111,235430
08,2018,訪問看護,41171,259370
08,2019,訪問看護,45824,299127
08,2020,訪問看護,53560,378121
08,2021,訪問看護,62129,459598
08,2022,訪問看護,73085,556902
08,2023,訪問看護,86031,695134
08,2024,訪問看護,99801,836813
08,2025,訪問看護,102190,857377
08,2016,調剤,14079487,17271475
08,2017,調剤,14280904,17397796
08,2018,調剤,14510056,17539449
08,2019,調剤,14595306,17539544
08,2020,調剤,13504821,15996922
08,2021,調剤,14226496,16792974
08,2022,調剤,14972756,17546341
08,2023,調剤,15742258,18468292
08,2024,調剤,15965065,18683172
08,2025,調剤,14470488,16807619
09,2016,医科入院,424777,6569240
09,2017,医科入院,428485,6613930
09,2018,医科入院,424397,6551882
09,2019,医科入院,425322,6521790
09,2020,医科入院,406346,6177375
09,2021,医科入院,405064,6154215
09,2022,医科入院,403556,6086770
09,2023,医科入院,411520,6182996
09,2024,医科入院,415656,6166000
09,2025,医科入院,378967,5563679
09,2016,医科入院外,16358552,25488076
09,2017,医科入院外,16400374,25223570
09,2018,医科入院外,16473020,25020831
09,2019,医科入院外,16327342,24488930
09,2020,医科入院外,15003894,22203851
09,2021,医科入院外,15706346,23059209
09,2022,医科入院外,16286907,23613078
09,2023,医科入院外,16694235,23994874
09,2024,医科入院外,16736190,23941943
09,2025,医科入院外,15174167,21522147
09,2016,歯科,3281552,6067904
09,2017,歯科,3340383,6092439
09,2018,歯科,3405555,6095344
09,2019,歯科,3482379,6098934
09,2020,歯科,3312319,5781348
09,2021,歯科,3499150,5864933
09,2022,歯科,3555969,5829839
09,2023,歯科,3662451,5842810
09,2024,歯科,3767838,5876777
09,2025,歯科,3527535,5380935
09,2016,総計,20084758,38263901
09,2017,総計,20192040,38090471
09,2018,総計,20329404,37856719
09,2019,総計,20265520,37335598
09,2020,総計,18760622,34447081
09,2021,総計,19656504,35427389
09,2022,総計,20300052,35934002
09,2023,総計,20833246,36527969
09,2024,総計,20995192,36593417
09,2025,総計,19157659,33114559
09,2016,訪問看護,19877,138681
09,2017,訪問看護,22798,160532
09,2018,訪問看護,26432,188662
09,2019,訪問看護,30477,225944
09,2020,訪問看護,38063,284507
09,2021,訪問看護,45944,349032
09,2022,訪問看護,53620,404315
09,2023,訪問看護,65040,507289
09,2024,訪問看護,75508,608697
09,2025,訪問看護,76990,647798
09,2016,調剤,9229365,11687504
09,2017,調剤,9444970,11843367
09,2018,調剤,9585107,11903504
09,2019,調剤,9589354,11792085
09,2020,調剤,9176020,11048798
09,2021,調剤,9675538,11607692
09,2022,調剤,10180744,12115121
09,2023,調剤,10682057,12735003
09,2024,調剤,10784962,12832761
09,2025,調剤,9856298,11628808
10,2016,医科入院,475279,7346546
10,2017,医科入院,477505,7351822
10,2018,医科入院,476472,7321850
10,2019,医科入院,468918,7253343
10,2020,医科入院,443600,6899192
10,2021,医科入院,449997,6917897
10,2022,医科入院,450414,6881399
10,2023,医科入院,452673,6947826
10,2024,医科入院,458047,6981758
10,2025,医科入院,417411,6327499
10,2016,医科入院外,16438064,25393488
10,2017,医科入院外,16496435,25234174
10,2018,医科入院外,16498255,24940613
10,2019,医科入院外,16346952,24467322
10,2020,医科入院外,14943679,22070366
10,2021,医科入院外,15718041,23034269
10,2022,医科入院外,16296479,23696613
10,2023,医科入院外,16676063,24058011
10,2024,医科入院外,16621098,23907226
10,2025,医科入院外,15005004,21486022
10,2016,歯科,3310697,6376158
10,2017,歯科,3372492,6329509
10,2018,歯科,3424541,6290208
10,2019,歯科,3520878,6302433
10,2020,歯科,3302660,5888787
10,2021,歯科,3493083,5973091
10,2022,歯科,3583195,5969978
10,2023,歯科,3695311,5988413
10,2024,歯科,3791892,5977218
10,2025,歯科,3554942,5479500
10,2016,総計,20253040,39335350
10,2017,総計,20377995,39156544
10,2018,総計,20434455,38824371
10,2019,総計,20375771,38336745
10,2020,総計,18735749,35249532
10,2021,総計,19715693,36412279
10,2022,総計,20395213,37125379
10,2023,総計,20897949,37689505
10,2024,総計,20957320,37703655
10,2025,総計,19066231,34172200
10,2016,訪問看護,29000,219158
10,2017,訪問看護,31563,241039
10,2018,訪問看護,35187,271700
10,2019,訪問看護,39023,313647
10,2020,訪問看護,45810,391187
10,2021,訪問看護,54572,487022
10,2022,訪問看護,65125,577389
10,2023,訪問看護,73902,695255
10,2024,訪問看護,86283,837453
10,2025,訪問看護,88874,879179
10,2016,調剤,8410623,10574354
10,2017,調剤,8660092,10799255
10,2018,調剤,8798722,10901895
10,2019,調剤,8844525,10871038
10,2020,調剤,8284768,9990777
10,2021,調剤,8807904,10595997
10,2022,調剤,9271100,11083436
10,2023,調剤,9805660,11753972
10,2024,調剤,9944995,11883187
10,2025,調剤,9032344,10720671
11,2016,医科入院,1254933,18986642
11,2017,医科入院,1276805,19252945
11,2018,医科入院,1287431,19362044
11,2019,医科入院,1296039,19523607
11,2020,医科入院,1233006,18429868
11,2021,医科入院,1238538,18335123
11,2022,医科入院,1245590,18402752
11,2023,医科入院,1280020,18921930
11,2024,医科入院,1310807,19232619
11,2025,医科入院,1219124,17846234
11,2016,医科入院外,52172262,82149085
11,2017,医科入院外,52913611,82506521
11,2018,医科入院外,53380767,82445636
11,2019,医科入院外,53346255,81632151
11,2020,医科入院外,48254888,72939046
11,2021,医科入院外,51881000,77995789
11,2022,医科入院外,54375130,80767636
11,2023,医科入院外,56651052,82919230
11,2024,医科入院外,57315011,83603495
11,2025,医科入院外,52064384,75570598
11,2016,歯科,12713758,23174627
11,2017,歯科,13059700,23329572
11,2018,歯科,13346508,23390424
11,2019,歯科,13708962,23450531
11,2020,歯科,12667992,21774917
11,2021,歯科,13789729,22723724
11,2022,歯科,14207668,22777396
11,2023,歯科,14667708,22943154
11,2024,歯科,15092847,23075862
11,2025,歯科,14121980,21175281
11,2016,総計,66248104,125015561
11,2017,総計,67374102,125927088
11,2018,総計,68158040,126195767
11,2019,総計,68516906,125779151
11,2020,総計,62347948,114567127
11,2021,総計,67137550,120811953
11,2022,総計,70094423,124067831
11,2023,総計,72910614,127434276
11,2024,総計,74083594,129127699
11,2025,総計,67780407,117978603
11,2016,訪問看護,107151,705207
11,2017,訪問看護,123986,838050
11,2018,訪問看護,143334,997663
11,2019,訪問看護,165650,1172862
11,2020,訪問看護,192062,1423296
11,2021,訪問看護,228283,1757317
11,2022,訪問看護,266035,2120047
11,2023,訪問看護,311834,2649962
11,2024,訪問看護,364929,3215723
11,2025,訪問看護,374919,3386490
11,2016,調剤,34979043,43485591
11,2017,調剤,36013702,44451452
11,2018,調剤,36691098,45014308
11,2019,調剤,37023433,45086382
11,2020,調剤,33857745,40513001
11,2021,調剤,36195656,43177257
11,2022,調剤,38301999,45371079
11,2023,調剤,41237864,48867173
11,2024,調剤,42104870,49823550
11,2025,調剤,38399349,45148877
12,2016,医科入院,1190905,17352382
12,2017,医科入院,1204590,17532292
12,2018,医科入院,1213041,17663362
12,2019,医科入院,1214937,17772388
12,2020,医科入院,1177096,17064199
12,2021,医科入院,1162657,17008492
12,2022,医科入院,1161694,16954520
12,2023,医科入院,1195865,17397029
12,2024,医科入院,1220776,17557301
12,2025,医科入院,1127635,16086805
12,2016,医科入院外,45329865,69678872
12,2017,医科入院外,45793721,69808729
12,2018,医科入院外,46095436,69545011
12,2019,医科入院外,45790329,68316788
12,2020,医科入院外,41215307,60927047
12,2021,医科入院外,44178564,65032788
12,2022,医科入院外,46293237,67502935
12,2023,医科入院外,48261455,69451768
12,2024,医科入院外,48857967,70023427
12,2025,医科入院外,44258709,63143265
12,2016,歯科,11090699,19945144
12,2017,歯科,11381964,20073400
12,2018,歯科,11633378,20098603
12,2019,歯科,11891118,20035234
12,2020,歯科,11007601,18601903
12,2021,歯科,11998304,19388334
12,2022,歯科,12376136,19469400
12,2023,歯科,12762070,19605348
12,2024,歯科,13119417,19729328
12,2025,歯科,12252140,18091961
12,2016,総計,57691525,107522051
12,2017,総計,58471756,108037420
12,2018,総計,59046291,108033625
12,2019,総計,59015664,106959669
12,2020,総計,53538263,97606753
12,2021,総計,57504179,102663669
12,2022,総計,60025015,105446881
12,2023,総計,62446138,108323462
12,2024,総計,63461991,109593970
12,2025,総計,57914487,99796355
12,2016,訪問看護,80056,545653
12,2017,訪問看護,91481,622999
12,2018,訪問看護,104436,726649
12,2019,訪問看護,119280,835259
12,2020,訪問看護,138259,1013604
12,2021,訪問看護,164654,1234055
12,2022,訪問看護,193948,1520026
12,2023,訪問看護,226748,1869317
12,2024,訪問看護,263831,2283914
12,2025,訪問看護,276003,2474324
12,2016,調剤,30628199,37404388
12,2017,調剤,31249731,37918187
12,2018,調剤,31628757,38131131
12,2019,調剤,31666087,37887836
12,2020,調剤,28792435,33915322
12,2021,調剤,30702725,36053349
12,2022,調剤,32483492,37905440
12,2023,調剤,34756245,40543004
12,2024,調剤,35541652,41415145
12,2025,調剤,32299791,37420769
13,2016,医科入院,2739131,37290834
13,2017,医科入院,2770609,37600060
13,2018,医科入院,2783998,37647162
13,2019,医科入院,2784454,37849972
13,2020,医科入院,2618046,34974562
13,2021,医科入院,2582442,34938849
13,2022,医科入院,2609852,34893157
13,2023,医科入院,2680679,35973856
13,2024,医科入院,2728625,36195555
13,2025,医科入院,2533821,33255227
13,2016,医科入院外,117430648,183077187
13,2017,医科入院外,119493872,184416193
13,2018,医科入院外,120899600,184346079
13,2019,医科入院外,120621923,181862798
13,2020,医科入院外,106352791,158719251
13,2021,医科入院外,114982790,171602592
13,2022,医科入院外,121066967,178997633
13,2023,医科入院外,127774561,185126440
13,2024,医科入院外,130121650,187412784
13,2025,医科入院外,118731445,169975006
13,2016,歯科,28542846,51874622
13,2017,歯科,29237877,52046897
13,2018,歯科,29827019,51975555
13,2019,歯科,30426004,51904786
13,2020,歯科,27397026,47070783
13,2021,歯科,29959633,49333349
13,2022,歯科,30928852,49520626
13,2023,歯科,32077659,50195277
13,2024,歯科,32989027,50563795
13,2025,歯科,30843091,46431082
13,2016,総計,149033640,274282709
13,2017,総計,151874143,276430202
13,2018,総計,153935758,276717835
13,2019,総計,154300374,274710507
13,2020,総計,136932722,244648352
13,2021,総計,148149002,260193500
13,2022,総計,155309556,268328529
13,2023,総計,163320418,277016565
13,2024,総計,166718714,280780151
13,2025,総計,153009245,256558389
13,2016,訪問看護,321015,2040066
13,2017,訪問看護,371785,2367052
13,2018,訪問看護,425141,2749039
13,2019,訪問看護,467993,3092951
13,2020,訪問看護,564859,3883756
13,2021,訪問看護,624137,4318710
13,2022,訪問看護,703885,4917113
13,2023,訪問看護,787519,5720992
13,2024,訪問看護,879412,6608017
13,2025,訪問看護,900888,6897074
13,2016,調剤,80060938,100214038
13,2017,調剤,82102393,101992644
13,2018,調剤,83383183,102709720
13,2019,調剤,83681349,102295353
13,2020,調剤,74158910,89172629
13,2021,調剤,79344821,95176705
13,2022,調剤,84148694,100148415
13,2023,調剤,91165056,108328704
13,2024,調剤,93182025,110509848
13,2025,調剤,84733990,99833471
14,2016,医科入院,1609535,22065972
14,2017,医科入院,1637388,22352048
14,2018,医科入院,1654328,22581212
14,2019,医科入院,1648899,22617911
14,2020,医科入院,1585105,21365838
14,2021,医科入院,1574151,21416284
14,2022,医科入院,1593501,21443223
14,2023,医科入院,1638395,22329095
14,2024,医科入院,1662992,22485521
14,2025,医科入院,1532056,20629026
14,2016,医科入院外,70456092,110173267
14,2017,医科入院外,71444140,110643073
14,2018,医科入院外,72268862,110736063
14,2019,医科入院外,72109681,109463514
14,2020,医科入院外,65129818,97931658
14,2021,医科入院外,70023915,105057093
14,2022,医科入院外,73278601,108838738
14,2023,医科入院外,76799379,112329069
14,2024,医科入院外,78015397,113650578
14,2025,医科入院外,70940332,102783023
14,2016,歯科,15959595,29228932
14,2017,歯科,16376676,29338169
14,2018,歯科,16739588,29452315
14,2019,歯科,17174591,29503473
14,2020,歯科,15870640,27392776
14,2021,歯科,17336587,28637314
14,2022,歯科,17914526,28789326
14,2023,歯科,18552390,29142027
14,2024,歯科,19071158,29312358
14,2025,歯科,17884312,27012271
14,2016,総計,88176639,162447142
14,2017,総計,89635132,163490279
14,2018,総計,90865961,164116970
14,2019,総計,91167935,163182907
14,2020,総計,82855918,148649896
14,2021,総計,89247524,157443663
14,2022,総計,93139696,161748636
14,2023,総計,97391498,166963363
14,2024,総計,99205272,169152867
14,2025,総計,90820901,154277866
14,2016,訪問看護,151417,978971
14,2017,訪問看護,176928,1156989
14,2018,訪問看護,203183,1347380
14,2019,訪問看護,234764,1598009
14,2020,訪問看護,270355,1959624
14,2021,訪問看護,312871,2332972
14,2022,訪問看護,353068,2677349
14,2023,訪問看護,401334,3163172
14,2024,訪問看護,455725,3704410
14,2025,訪問看護,464201,3853546
14,2016,調剤,50994063,63046143
14,2017,調剤,52040385,63899767
14,2018,調剤,52882331,64470567
14,2019,調剤,53156159,64352188
14,2020,調剤,48636963,57910961
14,2021,調剤,51749664,61491224
14,2022,調剤,54479278,64326208
14,2023,調剤,58338583,68876913
14,2024,調剤,59503301,70160678
14,2025,調剤,53979586,63212039
15,2016,医科入院,512409,8130299
15,2017,医科入院,512887,8124137
15,2018,医科入院,508012,8025000
15,2019,医科入院,500474,7939657
15,2020,医科入院,475852,7552518
15,2021,医科入院,478745,7520738
15,2022,医科入院,473276,7440927
15,2023,医科入院,475090,7455456
15,2024,医科入院,481837,7436302
15,2025,医科入院,440716,6775071
15,2016,医科入院外,18537561,27196873
15,2017,医科入院外,18416930,26659690
15,2018,医科入院外,18466334,26505257
15,2019,医科入院外,18252070,25924405
15,2020,医科入院外,16802907,23472778
15,2021,医科入院外,17210380,23856451
15,2022,医科入院外,17553125,24094845
15,2023,医科入院外,17943903,24432884
15,2024,医科入院外,17912803,24316821
15,2025,医科入院外,16145668,21774938
15,2016,歯科,3812106,6989507
15,2017,歯科,3843938,6876635
15,2018,歯科,3932300,6884719
15,2019,歯科,4009357,6839228
15,2020,歯科,3778784,6404925
15,2021,歯科,3929309,6447288
15,2022,歯科,3963884,6334314
15,2023,歯科,4057483,6341313
15,2024,歯科,4098162,6273341
15,2025,歯科,3782196,5676534
15,2016,総計,22892463,42478674
15,2017,総計,22808737,41847066
15,2018,総計,22944900,41618053
15,2019,総計,22805091,40939968
15,2020,総計,21106995,37713611
15,2021,総計,21672912,38143457
15,2022,総計,22050293,38229339
15,2023,総計,22542847,38633952
15,2024,総計,22566005,38490930
15,2025,総計,20442523,34713298
15,2016,訪問看護,30387,161995
15,2017,訪問看護,34982,186604
15,2018,訪問看護,38254,203077
15,2019,訪問看護,43190,236678
15,2020,訪問看護,49452,283390
15,2021,訪問看護,54478,318980
15,2022,訪問看護,60008,359253
15,2023,訪問看護,66371,404299
15,2024,訪問看護,73203,464466
15,2025,訪問看護,73943,486755
15,2016,調剤,12680387,15502085
15,2017,調剤,12687636,15394970
15,2018,調剤,12852836,15497905
15,2019,調剤,12861452,15396148
15,2020,調剤,11983864,14078554
15,2021,調剤,12322118,14435685
15,2022,調剤,12660479,14728054
15,2023,調剤,13152033,15344945
15,2024,調剤,13283607,15471603
15,2025,調剤,12007163,13907271
16,2016,医科入院,292065,4674715
16,2017,医科入院,294606,4714588
16,2018,医科入院,296516,4737850
16,2019,医科入院,293451,4697583
16,2020,医科入院,278233,4496307
16,2021,医科入院,281962,4488187
16,2022,医科入院,283140,4473414
16,2023,医科入院,284546,4506862
16,2024,医科入院,284755,4462287
16,2025,医科入院,259843,4042403
16,2016,医科入院外,8410626,12854542
16,2017,医科入院外,8354149,12580279
16,2018,医科入院外,8413343,12548799
16,2019,医科入院外,8384343,12316980
16,2020,医科入院外,7583432,10902961
16,2021,医科入院外,7895739,11328144
16,2022,医科入院外,8177362,11574514
16,2023,医科入院外,8323975,11681527
16,2024,医科入院外,8298810,11601095
16,2025,医科入院外,7443151,10302172
16,2016,歯科,1698554,3041191
16,2017,歯科,1721564,3009029
16,2018,歯科,1779807,3055028
16,2019,歯科,1826958,3039980
16,2020,歯科,1671719,2776678
16,2021,歯科,1775127,2844027
16,2022,歯科,1812100,2826724
16,2023,歯科,1860932,2850722
16,2024,歯科,1896665,2821500
16,2025,歯科,1761717,2559466
16,2016,総計,10413647,20651750
16,2017,総計,10384342,20397935
16,2018,総計,10505150,20451797
16,2019,総計,10522759,20180947
16,2020,総計,9553810,18323740
16,2021,総計,9975554,18827118
16,2022,総計,10297723,19067683
16,2023,総計,10497207,19266296
16,2024,総計,10510566,19155663
16,2025,総計,9494859,17186905
16,2016,訪問看護,12402,81302
16,2017,訪問看護,14023,94039
16,2018,訪問看護,15484,110120
16,2019,訪問看護,18007,126404
16,2020,訪問看護,20426,147794
16,2021,訪問看護,22726,166760
16,2022,訪問看護,25121,193031
16,2023,訪問看護,27754,227185
16,2024,訪問看護,30336,270781
16,2025,訪問看護,30148,282864
16,2016,調剤,4394898,5397590
16,2017,調剤,4420026,5372767
16,2018,調剤,4521214,5460593
16,2019,調剤,4612603,5524874
16,2020,調剤,4343412,5111386
16,2021,調剤,4664434,5489998
16,2022,調剤,4863604,5688500
16,2023,調剤,5099440,5967733
16,2024,調剤,5198365,6082262
16,2025,調剤,4754576,5522581
17,2016,医科入院,337825,5449982
17,2017,医科入院,338418,5464947
17,2018,医科入院,335734,5396920
17,2019,医科入院,330939,5327611
17,2020,医科入院,305051,4936960
17,2021,医科入院,302126,4863671
17,2022,医科入院,300904,4782638
17,2023,医科入院,309685,4867148
17,2024,医科入院,307797,4824305
17,2025,医科入院,280028,4335694
17,2016,医科入院外,8933724,13942388
17,2017,医科入院外,8888651,13639528
17,2018,医科入院外,8997640,13654575
17,2019,医科入院外,8912032,13384285
17,2020,医科入院外,8093466,11944470
17,2021,医科入院外,8447416,12424616
17,2022,医科入院外,8871410,12927641
17,2023,医科入院外,9043408,13111018
17,2024,医科入院外,9057222,13093301
17,2025,医科入院外,8179811,11721203
17,2016,歯科,1661295,3130350
17,2017,歯科,1677262,3077104
17,2018,歯科,1732143,3127095
17,2019,歯科,1776851,3114449
17,2020,歯科,1632971,2849008
17,2021,歯科,1735872,2916462
17,2022,歯科,1773152,2896021
17,2023,歯科,1804427,2874120
17,2024,歯科,1876134,2927017
17,2025,歯科,1747241,2672363
17,2016,総計,10958044,22706781
17,2017,総計,10933427,22403655
17,2018,総計,11098784,22435163
17,2019,総計,11057791,22132851
17,2020,総計,10074181,20091034
17,2021,総計,10533250,20605230
17,2022,総計,10998197,21048223
17,2023,総計,11213984,21334760
17,2024,総計,11302783,21386144
17,2025,総計,10268244,19267493
17,2016,訪問看護,25200,184061
17,2017,訪問看護,29096,222076
17,2018,訪問看護,33267,256573
17,2019,訪問看護,37969,306506
17,2020,訪問看護,42693,360596
17,2021,訪問看護,47836,400481
17,2022,訪問看護,52731,441923
17,2023,訪問看護,56464,482474
17,2024,訪問看護,61630,541521
17,2025,訪問看護,61164,538233
17,2016,調剤,4791657,5978778
17,2017,調剤,4852982,5999129
17,2018,調剤,5024994,6173011
17,2019,調剤,5052329,6159292
17,2020,調剤,4728115,5671917
17,2021,調剤,4927125,5899854
17,2022,調剤,5235765,6229554
17,2023,調剤,5564411,6617911
17,2024,調剤,5713221,6773965
17,2025,調剤,5240845,6158605
18,2016,医科入院,214686,3400155
18,2017,医科入院,214608,3387760
18,2018,医科入院,212639,3345005
18,2019,医科入院,209953,3289389
18,2020,医科入院,194498,3096249
18,2021,医科入院,201437,3116867
18,2022,医科入院,196187,3030377
18,2023,医科入院,197528,3027404
18,2024,医科入院,199763,3030335
18,2025,医科入院,183527,2745029
18,2016,医科入院外,6110254,9823529
18,2017,医科入院外,6033063,9503487
18,2018,医科入院外,6143496,9561859
18,2019,医科入院外,6130013,9414638
18,2020,医科入院外,5611243,8431127
18,2021,医科入院外,5885694,8744725
18,2022,医科入院外,6135286,8958078
18,2023,医科入院外,6231559,9047805
18,2024,医科入院外,6215033,8963974
18,2025,医科入院外,5585638,7986874
18,2016,歯科,1079719,2028835
18,2017,歯科,1094444,2001525
18,2018,歯科,1147399,2061289
18,2019,歯科,1184686,2064473
18,2020,歯科,1110268,1912890
18,2021,歯科,1173898,1951653
18,2022,歯科,1194617,1924899
18,2023,歯科,1226920,1914532
18,2024,歯科,1253042,1916059
18,2025,歯科,1164702,1753092
18,2016,総計,7425462,15393598
18,2017,総計,7366612,15049029
18,2018,総計,7531582,15143205
18,2019,総計,7555600,14961715
18,2020,総計,6949036,13645092
18,2021,総計,7296598,14028799
18,2022,総計,7563578,14135108
18,2023,総計,7695462,14223165
18,2024,総計,7709189,14150698
18,2025,総計,6973126,12713674
18,2016,訪問看護,20803,141079
18,2017,訪問看護,24497,156257
18,2018,訪問看護,28048,175052
18,2019,訪問看護,30948,193215
18,2020,訪問看護,33027,204826
18,2021,訪問看護,35569,215554
18,2022,訪問看護,37488,221754
18,2023,訪問看護,39455,233424
18,2024,訪問看護,41351,240330
18,2025,訪問看護,39259,228679
18,2016,調剤,2676296,3375030
18,2017,調剤,2680447,3347791
18,2018,調剤,2776418,3455264
18,2019,調剤,2861163,3531468
18,2020,調剤,2728832,3302175
18,2021,調剤,2915474,3516948
18,2022,調剤,3105241,3703527
18,2023,調剤,3291728,3920418
18,2024,調剤,3383068,4022640
18,2025,調剤,3128475,3684676
19,2016,医科入院,194948,3069808
19,2017,医科入院,197842,3108994
19,2018,医科入院,197794,3086087
19,2019,医科入院,193519,3062658
19,2020,医科入院,187099,2922121
19,2021,医科入院,189752,2946743
19,2022,医科入院,187170,2908904
19,2023,医科入院,186921,2936083
19,2024,医科入院,187401,2910624
19,2025,医科入院,167645,2610780
19,2016,医科入院外,6653415,10232721
19,2017,医科入院外,6690222,10203656
19,2018,医科入院外,6669826,10073996
19,2019,医科入院外,6628918,9905974
19,2020,医科入院外,6116809,9059917
19,2021,医科入院外,6401550,9423122
19,2022,医科入院外,6669787,9723041
19,2023,医科入院外,6834398,9874376
19,2024,医科入院外,6885728,9897092
19,2025,医科入院外,6201741,8848936
19,2016,歯科,1336406,2550809
19,2017,歯科,1371121,2550289
19,2018,歯科,1411796,2552102
19,2019,歯科,1464788,2558401
19,2020,歯科,1396458,2416656
19,2021,歯科,1480368,2454423
19,2022,歯科,1515490,2443137
19,2023,歯科,1564642,2456893
19,2024,歯科,1610858,2468659
19,2025,歯科,1513519,2259959
19,2016,総計,8199247,15938535
19,2017,総計,8275202,15957697
19,2018,総計,8296410,15810628
19,2019,総計,8307558,15635068
19,2020,総計,7722642,14525795
19,2021,総計,8096926,14966879
19,2022,総計,8399425,15238492
19,2023,総計,8615129,15453861
19,2024,総計,8717388,15516091
19,2025,総計,7917294,13979304
19,2016,訪問看護,14478,85197
19,2017,訪問看護,16017,94758
19,2018,訪問看護,16994,98443
19,2019,訪問看護,20333,108035
19,2020,訪問看護,22276,127101
19,2021,訪問看護,25256,142591
19,2022,訪問看護,26978,163410
19,2023,訪問看護,29168,186509
19,2024,訪問看護,33401,239716
19,2025,訪問看護,34389,259629
19,2016,調剤,4396344,5378975
19,2017,調剤,4486829,5464785
19,2018,調剤,4516088,5451822
19,2019,調剤,4540805,5446894
19,2020,調剤,4236465,4998298
19,2021,調剤,4422525,5204138
19,2022,調剤,4633528,5418447
19,2023,調剤,4840492,5668559
19,2024,調剤,4928838,5757897
19,2025,調剤,4458426,5173291
20,2016,医科入院,482397,6975138
20,2017,医科入院,480932,6947472
20,2018,医科入院,483233,6999790
20,2019,医科入院,481626,7032705
20,2020,医科入院,458206,6648567
20,2021,医科入院,458103,6661661
20,2022,医科入院,451872,6521085
20,2023,医科入院,464247,6677530
20,2024,医科入院,467918,6660529
20,2025,医科入院,426012,6031151
20,2016,医科入院外,16690745,24570991
20,2017,医科入院外,16741018,24393632
20,2018,医科入院外,16767511,24231652
20,2019,医科入院外,16662094,23879139
20,2020,医科入院外,15352611,21815408
20,2021,医科入院外,15933056,22461591
20,2022,医科入院外,16554151,23099673
20,2023,医科入院外,16892159,23396742
20,2024,医科入院外,16899731,23293016
20,2025,医科入院外,15297684,20940946
20,2016,歯科,3370094,6108682
20,2017,歯科,3452889,6110820
20,2018,歯科,3530392,6091747
20,2019,歯科,3628850,6082005
20,2020,歯科,3469376,5774848
20,2021,歯科,3650833,5841869
20,2022,歯科,3740369,5798755
20,2023,歯科,3860435,5845288
20,2024,歯科,3971406,5858894
20,2025,歯科,3705889,5353123
20,2016,総計,20580394,37857679
20,2017,総計,20714236,37661772
20,2018,総計,20823792,37550955
20,2019,総計,20818698,37240004
20,2020,総計,19330177,34511736
20,2021,総計,20097126,35282870
20,2022,総計,20806915,35785180
20,2023,総計,21284504,36346735
20,2024,総計,21413050,36291430
20,2025,総計,19504570,32825995
20,2016,訪問看護,37158,202868
20,2017,訪問看護,39397,209848
20,2018,訪問看護,42656,227766
20,2019,訪問看護,46128,246155
20,2020,訪問看護,49984,272913
20,2021,訪問看護,55134,317749
20,2022,訪問看護,60523,365667
20,2023,訪問看護,67663,427175
20,2024,訪問看護,73995,478991
20,2025,訪問看護,74985,500775
20,2016,調剤,10313158,12385256
20,2017,調剤,10479969,12497290
20,2018,調剤,10657163,12632446
20,2019,調剤,10716366,12631523
20,2020,調剤,10086654,11741929
20,2021,調剤,10485229,12173815
20,2022,調剤,10956664,12640889
20,2023,調剤,11523768,13296188
20,2024,調剤,11665829,13422953
20,2025,調剤,10669988,12201367
21,2016,医科入院,427814,6102981
21,2017,医科入院,425287,6052075
21,2018,医科入院,419042,5978692
21,2019,医科入院,411210,5828674
21,2020,医科入院,386607,5465426
21,2021,医科入院,394863,5485319
21,2022,医科入院,392378,5396459
21,2023,医科入院,392129,5465965
21,2024,医科入院,394833,5478120
21,2025,医科入院,354287,4878245
21,2016,医科入院外,16866904,27488326
21,2017,医科入院外,16950753,27274621
21,2018,医科入院外,16972640,26954887
21,2019,医科入院外,16884391,26514813
21,2020,医科入院外,15455756,23842413
21,2021,医科入院外,16178705,24780083
21,2022,医科入院外,16912307,25548791
21,2023,医科入院外,17387892,26040744
21,2024,医科入院外,17352765,25853494
21,2025,医科入院外,15656704,23202086
21,2016,歯科,4068125,6794878
21,2017,歯科,4156320,6793298
21,2018,歯科,4244279,6810738
21,2019,歯科,4369170,6880027
21,2020,歯科,4085279,6422439
21,2021,歯科,4332281,6580922
21,2022,歯科,4408750,6563868
21,2023,歯科,4494957,6575674
21,2024,歯科,4580762,6589898
21,2025,歯科,4250414,6018881
21,2016,総計,21400790,40664720
21,2017,総計,21574861,40434394
21,2018,総計,21682833,40102523
21,2019,総計,21716542,39633384
21,2020,総計,19986654,36232562
21,2021,総計,20974304,37452349
21,2022,総計,21792934,38222510
21,2023,総計,22365923,38947256
21,2024,総計,22434021,38976943
21,2025,総計,20371149,35213870
21,2016,訪問看護,37947,278535
21,2017,訪問看護,42501,314400
21,2018,訪問看護,46872,358206
21,2019,訪問看護,51771,409870
21,2020,訪問看護,59012,502284
21,2021,訪問看護,68455,606025
21,2022,訪問看護,79499,713392
21,2023,訪問看護,90945,864873
21,2024,訪問看護,105661,1055431
21,2025,訪問看護,109744,1114658
21,2016,調剤,10009658,12883218
21,2017,調剤,10198698,12987096
21,2018,調剤,10335649,13027060
21,2019,調剤,10387114,12961753
21,2020,調剤,9632297,11722714
21,2021,調剤,10167172,12341109
21,2022,調剤,10796413,13012299
21,2023,調剤,11482074,13876951
21,2024,調剤,11656689,14024414
21,2025,調剤,10547274,12573952
22,2016,医科入院,738743,10996927
22,2017,医科入院,746328,11126171
22,2018,医科入院,742741,11023430
22,2019,医科入院,738768,10940163
22,2020,医科入院,706281,10421324
22,2021,医科入院,706435,10407661
22,2022,医科入院,700140,10244528
22,2023,医科入院,719696,10549184
22,2024,医科入院,726380,10569929
22,2025,医科入院,655823,9480462
22,2016,医科入院外,30350114,46717801
22,2017,医科入院外,30538326,46531329
22,2018,医科入院外,30789878,46402978
22,2019,医科入院外,30662012,45732347
22,2020,医科入院外,28477514,42065422
22,2021,医科入院外,29652115,43544418
22,2022,医科入院外,30732370,44808311
22,2023,医科入院外,31540429,45294382
22,2024,医科入院外,31622424,45173146
22,2025,医科入院外,28527283,40523878
22,2016,歯科,6135387,11079617
22,2017,歯科,6300716,11097312
22,2018,歯科,6432077,11066614
22,2019,歯科,6653755,11159296
22,2020,歯科,6360512,10652806
22,2021,歯科,6667735,10742431
22,2022,歯科,6792365,10658318
22,2023,歯科,6966140,10673338
22,2024,歯科,7124164,10672326
22,2025,歯科,6658687,9765652
22,2016,総計,37264378,69043499
22,2017,総計,37631671,69038350
22,2018,総計,38017642,68819035
22,2019,総計,38114333,68204727
22,2020,総計,35612639,63589510
22,2021,総計,37107868,65267169
22,2022,総計,38320762,66452782
22,2023,総計,39337890,67468352
22,2024,総計,39599292,67561438
22,2025,総計,35970613,60963680
22,2016,訪問看護,40134,249154
22,2017,訪問看護,46301,283538
22,2018,訪問看護,52946,326013
22,2019,訪問看護,59798,372921
22,2020,訪問看護,68332,449958
22,2021,訪問看護,81583,572659
22,2022,訪問看護,95887,741625
22,2023,訪問看護,111625,951448
22,2024,訪問看護,126324,1146037
22,2025,訪問看護,128820,1193688
22,2016,調剤,19703009,24294823
22,2017,調剤,20033628,24535185
22,2018,調剤,20337843,24697240
22,2019,調剤,20390196,24589988
22,2020,調剤,19128332,22653409
22,2021,調剤,19919754,23525431
22,2022,調剤,20865761,24489987
22,2023,調剤,21929083,25768121
22,2024,調剤,22158632,26007257
22,2025,調剤,20006747,23282956
23,2016,医科入院,1459335,20478152
23,2017,医科入院,1474794,20656756
23,2018,医科入院,1481528,20601331
23,2019,医科入院,1483698,20682731
23,2020,医科入院,1412316,19574473
23,2021,医科入院,1427617,19536651
23,2022,医科入院,1423275,19381325
23,2023,医科入院,1480634,20183410
23,2024,医科入院,1497325,20065737
23,2025,医科入院,1368798,18189498
23,2016,医科入院外,61156806,98774000
23,2017,医科入院外,61841236,98754621
23,2018,医科入院外,62640430,98660100
23,2019,医科入院外,62513406,97242491
23,2020,医科入院外,57317424,88010846
23,2021,医科入院外,60936701,92847694
23,2022,医科入院外,63992567,96355820
23,2023,医科入院外,66486428,98902361
23,2024,医科入院外,67142877,99507357
23,2025,医科入院外,60981764,89764158
23,2016,歯科,14987781,25517143
23,2017,歯科,15359039,25627784
23,2018,歯科,15778983,25774690
23,2019,歯科,16217722,25873105
23,2020,歯科,15260510,24398389
23,2021,歯科,16279836,25073666
23,2022,歯科,16756614,25249086
23,2023,歯科,17271700,25521823
23,2024,歯科,17813272,25829663
23,2025,歯科,16604936,23680817
23,2016,総計,77739343,145950550
23,2017,総計,78834044,146427754
23,2018,総計,80084339,146662326
23,2019,総計,80423528,145690376
23,2020,総計,74238313,134292838
23,2021,総計,78937302,140177190
23,2022,総計,82510039,144128237
23,2023,総計,85629724,148321937
23,2024,総計,86907378,149796398
23,2025,総計,79425915,136175200
23,2016,訪問看護,135421,1181255
23,2017,訪問看護,158975,1388593
23,2018,訪問看護,183398,1626205
23,2019,訪問看護,208702,1892049
23,2020,訪問看護,248063,2309130
23,2021,訪問看護,293148,2719179
23,2022,訪問看護,337583,3142006
23,2023,訪問看護,390962,3714343
23,2024,訪問看護,453904,4393641
23,2025,訪問看護,470417,4540727
23,2016,調剤,33762038,43535569
23,2017,調剤,34747446,44393420
23,2018,調剤,35758268,45298456
23,2019,調剤,36109345,45272399
23,2020,調剤,33597276,41226838
23,2021,調剤,36066175,44130236
23,2022,調剤,38634517,46928399
23,2023,調剤,41669006,50712426
23,2024,調剤,42562693,51693680
23,2025,調剤,38889993,46813120
24,2016,医科入院,392593,6023375
24,2017,医科入院,395353,6091721
24,2018,医科入院,393318,6043588
24,2019,医科入院,390300,5998929
24,2020,医科入院,364056,5607827
24,2021,医科入院,367289,5556153
24,2022,医科入院,365823,5522215
24,2023,医科入院,376313,5674399
24,2024,医科入院,380575,5676381
24,2025,医科入院,346288,5123050
24,2016,医科入院外,15281974,24234912
24,2017,医科入院外,15379870,24148203
24,2018,医科入院外,15425562,23958527
24,2019,医科入院外,15356551,23666460
24,2020,医科入院外,14200098,21594997
24,2021,医科入院外,14751001,22292451
24,2022,医科入院外,15307988,22929382
24,2023,医科入院外,15670156,23167193
24,2024,医科入院外,15633703,23003039
24,2025,医科入院外,14081080,20541855
24,2016,歯科,3297444,5549754
24,2017,歯科,3354561,5528531
24,2018,歯科,3406854,5496535
24,2019,歯科,3493819,5516131
24,2020,歯科,3252435,5169024
24,2021,歯科,3432208,5256982
24,2022,歯科,3502259,5211942
24,2023,歯科,3571301,5225844
24,2024,歯科,3648800,5240010
24,2025,歯科,3388683,4773849
24,2016,総計,19005924,36046388
24,2017,総計,19168581,36037490
24,2018,総計,19268626,35800234
24,2019,総計,19288368,35512184
24,2020,総計,17868691,32749869
24,2021,総計,18609091,33550854
24,2022,総計,19241955,34171053
24,2023,総計,19690518,34650897
24,2024,総計,19744251,34604761
24,2025,総計,17899074,31169530
24,2016,訪問看護,33913,238347
24,2017,訪問看護,38797,269035
24,2018,訪問看護,42892,301584
24,2019,訪問看護,47698,330664
24,2020,訪問看護,52102,378021
24,2021,訪問看護,58593,445268
24,2022,訪問看護,65885,507514
24,2023,訪問看護,72748,583461
24,2024,訪問看護,81173,685331
24,2025,訪問看護,83023,730776
24,2016,調剤,8623795,10807381
24,2017,調剤,8789378,10937396
24,2018,調剤,8951927,11051376
24,2019,調剤,9088367,11139800
24,2020,調剤,8618317,10362723
24,2021,調剤,9064065,10862799
24,2022,調剤,9581846,11404101
24,2023,調剤,10039642,11964712
24,2024,調剤,10162700,12079711
24,2025,調剤,9297477,10955932
25,2016,医科入院,293105,4336809
25,2017,医科入院,295679,4348006
25,2018,医科入院,294878,4313181
25,2019,医科入院,294138,4292820
25,2020,医科入院,272050,3999731
25,2021,医科入院,273164,3924568
25,2022,医科入院,280045,3966466
25,2023,医科入院,289000,4095280
25,2024,医科入院,291026,4074896
25,2025,医科入院,265994,3693812
25,2016,医科入院外,10352294,15844625
25,2017,医科入院外,10529820,15937011
25,2018,医科入院外,10601700,15854541
25,2019,医科入院外,10632071,15765635
25,2020,医科入院外,9716174,14207729
25,2021,医科入院外,10205656,14801586
25,2022,医科入院外,10785662,15437971
25,2023,医科入院外,11150015,15812105
25,2024,医科入院外,11289295,15926275
25,2025,医科入院外,10123999,14204603
25,2016,歯科,2326914,4019559
25,2017,歯科,2389203,4038120
25,2018,歯科,2433017,4034646
25,2019,歯科,2515319,4073394
25,2020,歯科,2334623,3801170
25,2021,歯科,2474818,3888585
25,2022,歯科,2549283,3911912
25,2023,歯科,2639040,3948378
25,2024,歯科,2714953,3959553
25,2025,歯科,2528833,3635172
25,2016,総計,13003387,24378951
25,2017,総計,13249352,24519896
25,2018,総計,13367778,24419594
25,2019,総計,13483406,24373457
25,2020,総計,12368031,22281700
25,2021,総計,13003274,22916195
25,2022,総計,13669020,23645004
25,2023,総計,14138899,24255018
25,2024,総計,14363037,24446963
25,2025,総計,12989953,22083150
25,2016,訪問看護,31074,177958
25,2017,訪問看護,34650,196759
25,2018,訪問看護,38183,217226
25,2019,訪問看護,41878,241608
25,2020,訪問看護,45184,273070
25,2021,訪問看護,49636,301456
25,2022,訪問看護,54030,328655
25,2023,訪問看護,60844,399255
25,2024,訪問看護,67763,486239
25,2025,訪問看護,71127,549563
25,2016,調剤,6379524,7837344
25,2017,調剤,6628836,8087753
25,2018,調剤,6771221,8186775
25,2019,調剤,6888256,8268276
25,2020,調剤,6376370,7516146
25,2021,調剤,6722584,7890644
25,2022,調剤,7155628,8356530
25,2023,調剤,7635025,8923015
25,2024,調剤,7903878,9226928
25,2025,調剤,7116033,8225054
26,2016,医科入院,635200,9587601
26,2017,医科入院,641835,9657564
26,2018,医科入院,642210,9618600
26,2019,医科入院,642259,9636965
26,2020,医科入院,608129,8950119
26,2021,医科入院,596185,8790662
26,2022,医科入院,602370,8816294
26,2023,医科入院,615809,8999621
26,2024,医科入院,633002,9171309
26,2025,医科入院,578299,8330884
26,2016,医科入院外,20441470,33800273
26,2017,医科入院外,20654863,33671553
26,2018,医科入院外,20665539,33173043
26,2019,医科入院外,20647476,32780694
26,2020,医科入院外,18771273,29340887
26,2021,医科入院外,19789090,30745788
26,2022,医科入院外,20661516,31750351
26,2023,医科入院外,21118717,31838224
26,2024,医科入院外,21210504,31748765
26,2025,医科入院外,19120534,28392369
26,2016,歯科,4430995,8018111
26,2017,歯科,4511725,8008131
26,2018,歯科,4595191,7987606
26,2019,歯科,4760548,8078174
26,2020,歯科,4383469,7435892
26,2021,歯科,4678812,7644815
26,2022,歯科,4819537,7676757
26,2023,歯科,4975556,7751340
26,2024,歯科,5104326,7775086
26,2025,歯科,4725973,7072341
26,2016,総計,25572331,51822957
26,2017,総計,25882274,51825157
26,2018,総計,25988333,51346527
26,2019,総計,26147593,51154187
26,2020,総計,23872980,46493597
26,2021,総計,25186521,48044357
26,2022,総計,26220020,49240702
26,2023,総計,26861343,49758443
26,2024,総計,27114037,50031018
26,2025,総計,24592070,45184822
26,2016,訪問看護,64666,416972
26,2017,訪問看護,73851,487909
26,2018,訪問看護,85393,567278
26,2019,訪問看護,97310,658354
26,2020,訪問看護,110109,766699
26,2021,訪問看護,122434,863092
26,2022,訪問看護,136597,997300
26,2023,訪問看護,151261,1169258
26,2024,訪問看護,166205,1335858
26,2025,訪問看護,167264,1389228
26,2016,調剤,10096744,12955587
26,2017,調剤,10482235,13325291
26,2018,調剤,10814396,13607544
26,2019,調剤,11118948,13868538
26,2020,調剤,10420323,12783142
26,2021,調剤,11052812,13518683
26,2022,調剤,11728689,14239704
26,2023,調剤,12417046,15012803
26,2024,調剤,12843111,15469144
26,2025,調剤,11777576,14075425
27,2016,医科入院,2202299,33057778
27,2017,医科入院,2235989,33279642
27,2018,医科入院,2233352,33108972
27,2019,医科入院,2240722,33214076
27,2020,医科入院,2119884,31280635
27,2021,医科入院,2060004,30225190
27,2022,医科入院,2073716,30038145
27,2023,医科入院,2150114,31101070
27,2024,医科入院,2194102,31466820
27,2025,医科入院,1998931,28590365
27,2016,医科入院外,74665162,129625287
27,2017,医科入院外,75640479,129281504
27,2018,医科入院外,76242820,127755570
27,2019,医科入院外,76502484,126379518
27,2020,医科入院外,69783570,113074495
27,2021,医科入院外,73834327,118225141
27,2022,医科入院外,77602308,122462994
27,2023,医科入院外,79875139,124032306
27,2024,医科入院外,80486769,123959377
27,2025,医科入院外,72625879,111078972
27,2016,歯科,18084868,34780053
27,2017,歯科,18539173,34991850
27,2018,歯科,18921806,34794454
27,2019,歯科,19580364,35133350
27,2020,歯科,18081369,32354327
27,2021,歯科,19335846,33318590
27,2022,歯科,20034937,33627050
27,2023,歯科,20643187,33984729
27,2024,歯科,21154438,34176179
27,2025,歯科,19706450,31362836
27,2016,総計,95253463,199855196
27,2017,総計,96770561,200457478
27,2018,総計,97810331,199081968
27,2019,総計,98802228,198783076
27,2020,総計,90536894,181538149
27,2021,総計,95876930,187532694
27,2022,総計,100459435,192929407
27,2023,総計,103518002,197162885
27,2024,総計,104807240,199106716
27,2025,総計,95350206,181191177
27,2016,訪問看護,301134,2392078
27,2017,訪問看護,354920,2904482
27,2018,訪問看護,412353,3422972
27,2019,訪問看護,478658,4056132
27,2020,訪問看護,552071,4828692
27,2021,訪問看護,646753,5763773
27,2022,訪問看護,748474,6801218
27,2023,訪問看護,849562,8044780
27,2024,訪問看護,971931,9504340
27,2025,訪問看護,1018946,10159004
27,2016,調剤,41827481,55349382
27,2017,調剤,43082913,56478059
27,2018,調剤,44202103,57101422
27,2019,調剤,45159223,57812478
27,2020,調剤,42250330,53168783
27,2021,調剤,44830971,56115857
27,2022,調剤,47713683,59180226
27,2023,調剤,50700222,62712208
27,2024,調剤,52036606,64101329
27,2025,調剤,47467565,57997721
28,2016,医科入院,1295717,19462040
28,2017,医科入院,1316944,19785172
28,2018,医科入院,1322698,19846947
28,2019,医科入院,1319649,19825070
28,2020,医科入院,1236719,18635907
28,2021,医科入院,1221400,18323642
28,2022,医科入院,1228603,18373353
28,2023,医科入院,1266294,18826768
28,2024,医科入院,1292236,18957645
28,2025,医科入院,1177944,17192639
28,2016,医科入院外,46517470,76816865
28,2017,医科入院外,46936481,76410742
28,2018,医科入院外,47218824,75806923
28,2019,医科入院外,47329774,75107416
28,2020,医科入院外,43241893,67412757
28,2021,医科入院外,45712816,70683718
28,2022,医科入院外,47637681,72710407
28,2023,医科入院外,49088991,73918883
28,2024,医科入院外,49315643,73820335
28,2025,医科入院外,44358615,65911019
28,2016,歯科,10083358,18286625
28,2017,歯科,10333547,18352296
28,2018,歯科,10534290,18292754
28,2019,歯科,10861615,18461570
28,2020,歯科,10119264,17157198
28,2021,歯科,10819567,17692926
28,2022,歯科,11163414,17789068
28,2023,歯科,11494610,17969239
28,2024,歯科,11760351,18042937
28,2025,歯科,10931358,16486448
28,2016,総計,58014469,115456284
28,2017,総計,58722347,115573339
28,2018,総計,59232741,115140000
28,2019,総計,59688202,114749973
28,2020,総計,54800624,104806722
28,2021,総計,57988376,108569676
28,2022,総計,60296044,111013686
28,2023,総計,62147175,113154770
28,2024,総計,62704365,113629434
28,2025,総計,56810147,102496774
28,2016,訪問看護,117924,890754
28,2017,訪問看護,135375,1025129
28,2018,訪問看護,156929,1193376
28,2019,訪問看護,177164,1355917
28,2020,訪問看護,202748,1600860
28,2021,訪問看護,234593,1869390
28,2022,訪問看護,266346,2140858
28,2023,訪問看護,297280,2439880
28,2024,訪問看護,336135,2808517
28,2025,訪問看護,342230,2906668
28,2016,調剤,29353021,37650419
28,2017,調剤,29963944,38110381
28,2018,調剤,30347300,38223147
28,2019,調剤,30661481,38315317
28,2020,調剤,28456208,34881251
28,2021,調剤,30015398,36652175
28,2022,調剤,31517747,38184974
28,2023,調剤,33240340,40259509
28,2024,調剤,33673894,40654886
28,2025,調剤,30381817,36320838
29,2016,医科入院,316996,4692545
29,2017,医科入院,325816,4822539
29,2018,医科入院,329394,4868198
29,2019,医科入院,329534,4894353
29,2020,医科入院,302451,4541043
29,2021,医科入院,303628,4457065
29,2022,医科入院,305175,4482237
29,2023,医科入院,312226,4550859
29,2024,医科入院,321119,4664859
29,2025,医科入院,291474,4232081
29,2016,医科入院外,11055949,17328748
29,2017,医科入院外,11153564,17285937
29,2018,医科入院外,11192902,17152607
29,2019,医科入院外,11218528,17034696
29,2020,医科入院外,10313599,15431004
29,2021,医科入院外,10797470,15998747
29,2022,医科入院外,11264021,16519921
29,2023,医科入院外,11547330,16738426
29,2024,医科入院外,11582920,16688047
29,2025,医科入院外,10401653,14872216
29,2016,歯科,2427817,4330374
29,2017,歯科,2475048,4305103
29,2018,歯科,2506797,4253465
29,2019,歯科,2564904,4247085
29,2020,歯科,2388144,3965629
29,2021,歯科,2527907,4054624
29,2022,歯科,2594941,4058862
29,2023,歯科,2660309,4090653
29,2024,歯科,2717805,4090289
29,2025,歯科,2523760,3738402
29,2016,総計,13834525,26595972
29,2017,総計,13994272,26698971
29,2018,総計,14076294,26602788
29,2019,総計,14165242,26541060
29,2020,総計,13062277,24354703
29,2021,総計,13694566,24981606
29,2022,総計,14237221,25594260
29,2023,総計,14598707,25986733
29,2024,総計,14710020,26142740
29,2025,総計,13306262,23591302
29,2016,訪問看護,33763,244305
29,2017,訪問看護,39844,285392
29,2018,訪問看護,47201,328518
29,2019,訪問看護,52276,364926
29,2020,訪問看護,58083,417027
29,2021,訪問看護,65561,471170
29,2022,訪問看護,73084,533240
29,2023,訪問看護,78842,606795
29,2024,訪問看護,88176,699545
29,2025,訪問看護,89375,748603
29,2016,調剤,5781794,7307754
29,2017,調剤,5965776,7486580
29,2018,調剤,6118439,7610143
29,2019,調剤,6221687,7694241
29,2020,調剤,5837701,7115373
29,2021,調剤,6119548,7418283
29,2022,調剤,6436608,7746898
29,2023,調剤,6841140,8235387
29,2024,調剤,6991489,8392040
29,2025,調剤,6336678,7539947
30,2016,医科入院,253322,3992383
30,2017,医科入院,257508,4020930
30,2018,医科入院,254399,3959916
30,2019,医科入院,255588,3977649
30,2020,医科入院,241621,3730566
30,2021,医科入院,246405,3692299
30,2022,医科入院,242634,3615984
30,2023,医科入院,239666,3601895
30,2024,医科入院,242109,3593355
30,2025,医科入院,218901,3236461
30,2016,医科入院外,8972971,14604262
30,2017,医科入院外,8990540,14434497
30,2018,医科入院外,8921318,14120388
30,2019,医科入院外,8874436,13859563
30,2020,医科入院外,8261681,12756795
30,2021,医科入院外,8506406,13032586
30,2022,医科入院外,8778404,13277376
30,2023,医科入院外,8976824,13426985
30,2024,医科入院外,8930242,13257179
30,2025,医科入院外,7981756,11764747
30,2016,歯科,1599602,3029212
30,2017,歯科,1628295,3011273
30,2018,歯科,1650551,2993529
30,2019,歯科,1687800,2984232
30,2020,歯科,1583309,2783414
30,2021,歯科,1644657,2786847
30,2022,歯科,1679049,2765615
30,2023,歯科,1721401,2768132
30,2024,歯科,1773588,2771931
30,2025,歯科,1642351,2507857
30,2016,総計,10849257,21853704
30,2017,総計,10903044,21726259
30,2018,総計,10855492,21358177
30,2019,総計,10850351,21133260
30,2020,総計,10125126,19646591
30,2021,総計,10443495,19960480
30,2022,総計,10752091,20156961
30,2023,総計,10997041,20367205
30,2024,総計,11012392,20270410
30,2025,総計,9910427,18175294
30,2016,訪問看護,23362,227847
30,2017,訪問看護,26701,259559
30,2018,訪問看護,29224,284344
30,2019,訪問看護,32527,311816
30,2020,訪問看護,38515,375816
30,2021,訪問看護,46027,448748
30,2022,訪問看護,52004,497986
30,2023,訪問看護,59150,570193
30,2024,訪問看護,66453,647945
30,2025,訪問看護,67419,666229
30,2016,調剤,4112335,5295776
30,2017,調剤,4240661,5413617
30,2018,調剤,4338928,5484065
30,2019,調剤,4412552,5529472
30,2020,調剤,4239717,5224649
30,2021,調剤,4432887,5436975
30,2022,調剤,4657310,5662681
30,2023,調剤,4905599,5959136
30,2024,調剤,4975764,6016696
30,2025,調剤,4505129,5397490
31,2016,医科入院,169324,2669851
31,2017,医科入院,167485,2646033
31,2018,医科入院,167965,2614656
31,2019,医科入院,167989,2598308
31,2020,医科入院,159200,2456559
31,2021,医科入院,158580,2452053
31,2022,医科入院,156608,2395577
31,2023,医科入院,158712,2413039
31,2024,医科入院,160412,2436238
31,2025,医科入院,146721,2225882
31,2016,医科入院外,4801587,7387982
31,2017,医科入院外,4822707,7312592
31,2018,医科入院外,4816341,7216920
31,2019,医科入院外,4803054,7110293
31,2020,医科入院外,4453204,6506069
31,2021,医科入院外,4542963,6574630
31,2022,医科入院外,4610506,6602121
31,2023,医科入院外,4766465,6768277
31,2024,医科入院外,4737365,6694117
31,2025,医科入院外,4237313,5937901
31,2016,歯科,937833,1696034
31,2017,歯科,955681,1701728
31,2018,歯科,977523,1701902
31,2019,歯科,997925,1681838
31,2020,歯科,963694,1619448
31,2021,歯科,984145,1604737
31,2022,歯科,993754,1595858
31,2023,歯科,1015431,1603153
31,2024,歯科,1042799,1601255
31,2025,歯科,961836,1442121
31,2016,総計,5918405,11827995
31,2017,総計,5956574,11744679
31,2018,総計,5974756,11640665
31,2019,総計,5982968,11507642
31,2020,総計,5591628,10713895
31,2021,総計,5703279,10778363
31,2022,総計,5780569,10755328
31,2023,総計,5960834,10955253
31,2024,総計,5961177,10906702
31,2025,総計,5365950,9780528
31,2016,訪問看護,9661,74128
31,2017,訪問看護,10701,84326
31,2018,訪問看護,12927,107187
31,2019,訪問看護,14000,117203
31,2020,訪問看護,15530,131819
31,2021,訪問看護,17591,146943
31,2022,訪問看護,19701,161772
31,2023,訪問看護,20226,170784
31,2024,訪問看護,20601,175092
31,2025,訪問看護,20080,174624
31,2016,調剤,2866092,3662416
31,2017,調剤,2900055,3673948
31,2018,調剤,2944096,3684331
31,2019,調剤,2960146,3669522
31,2020,調剤,2773120,3371021
31,2021,調剤,2858795,3464755
31,2022,調剤,2936596,3518456
31,2023,調剤,3088437,3714442
31,2024,調剤,3092621,3707475
31,2025,調剤,2794897,3326270
32,2016,医科入院,195747,3157789
32,2017,医科入院,197608,3185036
32,2018,医科入院,195052,3128091
32,2019,医科入院,194266,3126634
32,2020,医科入院,183317,2938821
32,2021,医科入院,186888,2916028
32,2022,医科入院,181139,2844505
32,2023,医科入院,184647,2874520
32,2024,医科入院,182816,2841521
32,2025,医科入院,165638,2565635
32,2016,医科入院外,5992090,9281633
32,2017,医科入院外,5981456,9149982
32,2018,医科入院外,5991063,9057378
32,2019,医科入院外,5979083,8948192
32,2020,医科入院外,5593439,8238532
32,2021,医科入院外,5709025,8339060
32,2022,医科入院外,5880096,8455471
32,2023,医科入院外,5987214,8553568
32,2024,医科入院外,5937122,8422738
32,2025,医科入院外,5365960,7550628
32,2016,歯科,1055510,1861259
32,2017,歯科,1069307,1837456
32,2018,歯科,1108469,1865829
32,2019,歯科,1141969,1867069
32,2020,歯科,1097701,1776293
32,2021,歯科,1137067,1787728
32,2022,歯科,1145009,1754512
32,2023,歯科,1166148,1753620
32,2024,歯科,1191585,1751814
32,2025,歯科,1105906,1587885
32,2016,総計,7258705,14405775
32,2017,総計,7264927,14284338
32,2018,総計,7312335,14169651
32,2019,総計,7334659,14072817
32,2020,総計,6895417,13094714
32,2021,総計,7054999,13188002
32,2022,総計,7229214,13204627
32,2023,総計,7362150,13343370
32,2024,総計,7336591,13184904
32,2025,総計,6661165,11865931
32,2016,訪問看護,15358,105094
32,2017,訪問看護,16556,111864
32,2018,訪問看護,17751,118353
32,2019,訪問看護,19341,130922
32,2020,訪問看護,20960,141068
32,2021,訪問看護,22019,145186
32,2022,訪問看護,22970,150139
32,2023,訪問看護,24141,161662
32,2024,訪問看護,25068,168831
32,2025,訪問看護,23661,161783
32,2016,調剤,3855442,4970016
32,2017,調剤,3925810,4999504
32,2018,調剤,3996500,5029486
32,2019,調剤,4047818,5054291
32,2020,調剤,3829504,4688906
32,2021,調剤,3941529,4805480
32,2022,調剤,4109797,4958503
32,2023,調剤,4270629,5147292
32,2024,調剤,4291295,5141282
32,2025,調剤,3931146,4672417
33,2016,医科入院,534546,8015646
33,2017,医科入院,543753,8165429
33,2018,医科入院,541526,8116648
33,2019,医科入院,540724,8104693
33,2020,医科入院,508052,7669512
33,2021,医科入院,502357,7577861
33,2022,医科入院,501416,7463184
33,2023,医科入院,516233,7627388
33,2024,医科入院,517744,7583727
33,2025,医科入院,473418,6878566
33,2016,医科入院外,16082124,26059889
33,2017,医科入院外,16148370,25816119
33,2018,医科入院外,16106441,25302873
33,2019,医科入院外,16080727,24941822
33,2020,医科入院外,14758938,22553862
33,2021,医科入院外,15208502,22965208
33,2022,医科入院外,15860453,23701191
33,2023,医科入院外,16162374,23842887
33,2024,医科入院外,16083798,23591915
33,2025,医科入院外,14451280,21023181
33,2016,歯科,3579672,6162417
33,2017,歯科,3650384,6156040
33,2018,歯科,3691936,6098531
33,2019,歯科,3796739,6150753
33,2020,歯科,3603045,5853409
33,2021,歯科,3750552,5900502
33,2022,歯科,3806686,5863442
33,2023,歯科,3906689,5907165
33,2024,歯科,3994197,5918262
33,2025,歯科,3690154,5401816
33,2016,総計,20229739,40474756
33,2017,総計,20380364,40410278
33,2018,総計,20383116,39828067
33,2019,総計,20466427,39545195
33,2020,総計,18923803,36471562
33,2021,総計,19521611,36874782
33,2022,総計,20236519,37499433
33,2023,総計,20661580,37912870
33,2024,総計,20680674,37697201
33,2025,総計,18699673,33936989
33,2016,訪問看護,33397,236804
33,2017,訪問看護,37857,272690
33,2018,訪問看護,43213,310015
33,2019,訪問看護,48237,347927
33,2020,訪問看護,53768,394779
33,2021,訪問看護,60200,431211
33,2022,訪問看護,67964,471616
33,2023,訪問看護,76284,535430
33,2024,訪問看護,84935,603297
33,2025,訪問看護,84821,633426
33,2016,調剤,8769304,11572217
33,2017,調剤,8926367,11664697
33,2018,調剤,8971628,11582138
33,2019,調剤,9107114,11629188
33,2020,調剤,8488943,10606015
33,2021,調剤,8763769,10886260
33,2022,調剤,9134072,11260981
33,2023,調剤,9537966,11754205
33,2024,調剤,9602466,11780156
33,2025,調剤,8696822,10567814
34,2016,医科入院,766017,12210368
34,2017,医科入院,766391,12195520
34,2018,医科入院,759042,12078443
34,2019,医科入院,754684,12003689
34,2020,医科入院,714738,11455833
34,2021,医科入院,711546,11290822
34,2022,医科入院,707945,11127454
34,2023,医科入院,729776,11470488
34,2024,医科入院,734813,11465013
34,2025,医科入院,662734,10271903
34,2016,医科入院外,24406022,42362754
34,2017,医科入院外,24450702,41674578
34,2018,医科入院外,24333046,40751430
34,2019,医科入院外,24374146,40267530
34,2020,医科入院外,22385613,36367378
34,2021,医科入院外,23178625,37186828
34,2022,医科入院外,24141341,38066598
34,2023,医科入院外,24667912,38340047
34,2024,医科入院外,24588079,37890006
34,2025,医科入院外,22207960,33946687
34,2016,歯科,5174340,9592910
34,2017,歯科,5298450,9606957
34,2018,歯科,5383690,9526894
34,2019,歯科,5577708,9620889
34,2020,歯科,5206790,8946169
34,2021,歯科,5477913,9075982
34,2022,歯科,5588843,9015314
34,2023,歯科,5760776,9104450
34,2024,歯科,5879373,9097851
34,2025,歯科,5459523,8302231
34,2016,総計,30413177,64618231
34,2017,総計,30590692,63969740
34,2018,総計,30557746,62900782
34,2019,総計,30796853,62491974
34,2020,総計,28408370,57461515
34,2021,総計,29484132,58359278
34,2022,総計,30569680,59132804
34,2023,総計,31307522,59981783
34,2024,総計,31370029,59672198
34,2025,総計,28503090,53799483
34,2016,訪問看護,66798,452199
34,2017,訪問看護,75149,492685
34,2018,訪問看護,81968,544015
34,2019,訪問看護,90315,599866
34,2020,訪問看護,101229,692135
34,2021,訪問看護,116048,805646
34,2022,訪問看護,131551,923438
34,2023,訪問看護,149058,1066798
34,2024,訪問看護,167764,1219328
34,2025,訪問看護,172873,1278662
34,2016,調剤,16016423,21011371
34,2017,調剤,16182575,20969682
34,2018,調剤,16256288,20783816
34,2019,調剤,16340326,20674748
34,2020,調剤,15179539,18819173
34,2021,調剤,15727150,19379832
34,2022,調剤,16487368,20135766
34,2023,調剤,17189453,20965234
34,2024,調剤,17299763,20995982
34,2025,調剤,15688546,18850197
35,2016,医科入院,454866,8177388
35,2017,医科入院,456243,8196836
35,2018,医科入院,451878,8090574
35,2019,医科入院,445396,8014002
35,2020,医科入院,418267,7594169
35,2021,医科入院,417736,7462161
35,2022,医科入院,417800,7371805
35,2023,医科入院,419520,7401345
35,2024,医科入院,419939,7336164
35,2025,医科入院,378443,6610179
35,2016,医科入院外,12616579,20792751
35,2017,医科入院外,12578426,20391429
35,2018,医科入院外,12514560,19958037
35,2019,医科入院外,12436820,19554839
35,2020,医科入院外,11576330,17838114
35,2021,医科入院外,11896796,18219212
35,2022,医科入院外,12192208,18390759
35,2023,医科入院外,12402610,18551936
35,2024,医科入院外,12370349,18371263
35,2025,医科入院外,11151964,16458489
35,2016,歯科,2332340,4462074
35,2017,歯科,2392470,4452407
35,2018,歯科,2445031,4450494
35,2019,歯科,2527918,4459667
35,2020,歯科,2421464,4227138
35,2021,歯科,2528546,4242908
35,2022,歯科,2576437,4187271
35,2023,歯科,2646206,4207482
35,2024,歯科,2701065,4206819
35,2025,歯科,2512884,3831765
35,2016,総計,15426836,33599683
35,2017,総計,15453150,33233873
35,2018,総計,15441285,32713330
35,2019,総計,15443028,32268094
35,2020,総計,14452849,29938276
35,2021,総計,14882535,30227189
35,2022,総計,15228585,30270119
35,2023,総計,15512871,30505409
35,2024,総計,15540480,30295284
35,2025,総計,14093425,27287513
35,2016,訪問看護,23051,167470
35,2017,訪問看護,26011,193201
35,2018,訪問看護,29816,214225
35,2019,訪問看護,32894,239586
35,2020,訪問看護,36788,278855
35,2021,訪問看護,39457,302908
35,2022,訪問看護,42140,320284
35,2023,訪問看護,44535,344646
35,2024,訪問看護,49127,381038
35,2025,訪問看護,50134,387080
35,2016,調剤,8386969,10799954
35,2017,調剤,8404258,10703733
35,2018,調剤,8431318,10620229
35,2019,調剤,8476915,10575967
35,2020,調剤,8021008,9811465
35,2021,調剤,8258622,10075137
35,2022,調剤,8538500,10331746
35,2023,調剤,8812540,10672427
35,2024,調剤,8882512,10724017
35,2025,調剤,8050480,9635766
36,2016,医科入院,253514,4429098
36,2017,医科入院,254632,4431857
36,2018,医科入院,252756,4376918
36,2019,医科入院,251640,4365921
36,2020,医科入院,239243,4189932
36,2021,医科入院,237735,4105371
36,2022,医科入院,234852,4026742
36,2023,医科入院,243428,4163421
36,2024,医科入院,241668,4109379
36,2025,医科入院,218506,3716455
36,2016,医科入院外,6725785,11232839
36,2017,医科入院外,6712347,11022203
36,2018,医科入院外,6665217,10778062
36,2019,医科入院外,6608614,10534563
36,2020,医科入院外,6108278,9627248
36,2021,医科入院外,6257300,9732145
36,2022,医科入院外,6440508,9907090
36,2023,医科入院外,6574872,9959336
36,2024,医科入院外,6492434,9729736
36,2025,医科入院外,5809556,8627361
36,2016,歯科,1348714,2562955
36,2017,歯科,1376513,2564588
36,2018,歯科,1397381,2563190
36,2019,歯科,1433193,2567695
36,2020,歯科,1365844,2435248
36,2021,歯科,1407731,2421643
36,2022,歯科,1440638,2416905
36,2023,歯科,1480348,2423749
36,2024,歯科,1507188,2409912
36,2025,歯科,1400014,2193765
36,2016,総計,8343466,18361201
36,2017,総計,8360471,18171348
36,2018,総計,8334826,17892146
36,2019,総計,8315540,17661759
36,2020,総計,7738467,16473254
36,2021,総計,7930111,16495745
36,2022,総計,8146099,16609546
36,2023,総計,8331425,16831432
36,2024,総計,8276425,16553574
36,2025,総計,7462814,14841486
36,2016,訪問看護,15453,136309
36,2017,訪問看護,16979,152700
36,2018,訪問看護,19472,173976
36,2019,訪問看護,22093,193580
36,2020,訪問看護,25102,220826
36,2021,訪問看護,27345,236586
36,2022,訪問看護,30101,258809
36,2023,訪問看護,32777,284926
36,2024,訪問看護,35135,304547
36,2025,訪問看護,34738,303905
36,2016,調剤,3333946,4371794
36,2017,調剤,3390562,4402926
36,2018,調剤,3406183,4374625
36,2019,調剤,3449348,4390583
36,2020,調剤,3259273,4065958
36,2021,調剤,3361343,4176677
36,2022,調剤,3502615,4316201
36,2023,調剤,3748618,4630698
36,2024,調剤,3827872,4691305
36,2025,調剤,3477511,4221527
37,2016,医科入院,274538,4353730
37,2017,医科入院,275452,4346451
37,2018,医科入院,273647,4343005
37,2019,医科入院,274025,4343375
37,2020,医科入院,253708,4068837
37,2021,医科入院,255197,4083057
37,2022,医科入院,252207,4042211
37,2023,医科入院,256828,4052183
37,2024,医科入院,258161,4031882
37,2025,医科入院,234775,3656863
37,2016,医科入院外,8615071,14910854
37,2017,医科入院外,8654881,14738039
37,2018,医科入院外,8623584,14461520
37,2019,医科入院外,8584986,14186828
37,2020,医科入院外,7907981,12868639
37,2021,医科入院外,8194864,13194306
37,2022,医科入院外,8511942,13473344
37,2023,医科入院外,8725157,13657337
37,2024,医科入院外,8691237,13443653
37,2025,医科入院外,7835948,12012290
37,2016,歯科,1754850,3240583
37,2017,歯科,1805177,3246088
37,2018,歯科,1852305,3262525
37,2019,歯科,1918330,3295554
37,2020,歯科,1805083,3077143
37,2021,歯科,1908204,3128038
37,2022,歯科,1938174,3099448
37,2023,歯科,2005463,3136317
37,2024,歯科,2043146,3122728
37,2025,歯科,1904441,2854842
37,2016,総計,10656267,22614737
37,2017,総計,10749780,22462803
37,2018,総計,10767629,22236516
37,2019,総計,10799224,22032991
37,2020,総計,9991914,20251276
37,2021,総計,10387919,20682830
37,2022,総計,10737294,20937578
37,2023,総計,11027243,21217744
37,2024,総計,11036868,21015572
37,2025,総計,10020640,18949999
37,2016,訪問看護,11808,109570
37,2017,訪問看護,14270,132225
37,2018,訪問看護,18093,169466
37,2019,訪問看護,21883,207234
37,2020,訪問看護,25142,236657
37,2021,訪問看護,29654,277429
37,2022,訪問看護,34971,322575
37,2023,訪問看護,39795,371907
37,2024,訪問看護,44324,417309
37,2025,訪問看護,45476,426004
37,2016,調剤,5130319,6710981
37,2017,調剤,5220879,6768474
37,2018,調剤,5248661,6742790
37,2019,調剤,5279002,6718159
37,2020,調剤,4938251,6160886
37,2021,調剤,5125089,6373558
37,2022,調剤,5371787,6614965
37,2023,調剤,5620738,6910295
37,2024,調剤,5665691,6923196
37,2025,調剤,5109782,6182316
38,2016,医科入院,415368,6660817
38,2017,医科入院,414065,6629468
38,2018,医科入院,410491,6541858
38,2019,医科入院,405759,6447110
38,2020,医科入院,372443,6026392
38,2021,医科入院,375552,5952251
38,2022,医科入院,368120,5784582
38,2023,医科入院,373751,5777757
38,2024,医科入院,372798,5700084
38,2025,医科入院,337846,5150739
38,2016,医科入院外,12034633,20297284
38,2017,医科入院外,12026871,19932805
38,2018,医科入院外,11986383,19599282
38,2019,医科入院外,11937772,19274647
38,2020,医科入院外,11013348,17447692
38,2021,医科入院外,11266194,17634018
38,2022,医科入院外,11620968,17840839
38,2023,医科入院外,11928066,18185056
38,2024,医科入院外,11875744,17946674
38,2025,医科入院外,10682983,16023212
38,2016,歯科,2374845,4405429
38,2017,歯科,2422012,4381448
38,2018,歯科,2466534,4370929
38,2019,歯科,2536744,4381534
38,2020,歯科,2411100,4137467
38,2021,歯科,2514169,4170593
38,2022,歯科,2543340,4100242
38,2023,歯科,2605524,4110124
38,2024,歯科,2642739,4073239
38,2025,歯科,2458825,3719400
38,2016,総計,14863247,31631070
38,2017,総計,14904459,31235209
38,2018,総計,14906853,30824175
38,2019,総計,14928080,30452547
38,2020,総計,13849733,28010449
38,2021,総計,14215673,28215472
38,2022,総計,14598881,28235326
38,2023,総計,14981496,28654371
38,2024,総計,14974348,28373510
38,2025,総計,13563840,25556176
38,2016,訪問看護,38401,267540
38,2017,訪問看護,41511,291488
38,2018,訪問看護,43445,312106
38,2019,訪問看護,47805,349256
38,2020,訪問看護,52842,398898
38,2021,訪問看護,59758,458610
38,2022,訪問看護,66453,509663
38,2023,訪問看護,74155,581434
38,2024,訪問看護,83067,653513
38,2025,訪問看護,84186,662825
38,2016,調剤,6194416,7976558
38,2017,調剤,6362283,8108558
38,2018,調剤,6485287,8195990
38,2019,調剤,6558892,8227076
38,2020,調剤,6156418,7557315
38,2021,調剤,6426686,7855383
38,2022,調剤,6756873,8173995
38,2023,調剤,7135715,8685414
38,2024,調剤,7167219,8695335
38,2025,調剤,6562710,7883307
39,2016,医科入院,285234,5182611
39,2017,医科入院,287010,5206195
39,2018,医科入院,285181,5179020
39,2019,医科入院,281991,5103515
39,2020,医科入院,269404,4907048
39,2021,医科入院,268179,4813021
39,2022,医科入院,261273,4655356
39,2023,医科入院,266157,4745891
39,2024,医科入院,265541,4714628
39,2025,医科入院,242350,4311581
39,2016,医科入院外,6109377,9925662
39,2017,医科入院外,6072399,9714528
39,2018,医科入院外,6023608,9484990
39,2019,医科入院外,5926102,9196847
39,2020,医科入院外,5465767,8369270
39,2021,医科入院外,5600491,8492793
39,2022,医科入院外,5702711,8519265
39,2023,医科入院外,5774672,8553659
39,2024,医科入院外,5691752,8372905
39,2025,医科入院外,5106087,7481524
39,2016,歯科,1152443,2170653
39,2017,歯科,1171756,2150546
39,2018,歯科,1191004,2132824
39,2019,歯科,1220337,2132149
39,2020,歯科,1134217,1966770
39,2021,歯科,1184380,1980254
39,2022,歯科,1193331,1942496
39,2023,歯科,1233974,1952473
39,2024,歯科,1248930,1917512
39,2025,歯科,1159950,1742925
39,2016,総計,7562997,17384252
39,2017,総計,7548711,17193468
39,2018,総計,7519756,16938664
39,2019,総計,7451121,16587526
39,2020,総計,6895120,15421641
39,2021,総計,7081165,15484287
39,2022,総計,7188367,15344504
39,2023,総計,7309041,15505568
39,2024,総計,7243896,15289187
39,2025,総計,6545894,13825909
39,2016,訪問看護,15943,105326
39,2017,訪問看護,17546,122199
39,2018,訪問看護,19963,141830
39,2019,訪問看護,22691,155015
39,2020,訪問看護,25732,178553
39,2021,訪問看護,28115,198219
39,2022,訪問看護,31052,227387
39,2023,訪問看護,34238,253545
39,2024,訪問看護,37673,284142
39,2025,訪問看護,37507,289879
39,2016,調剤,3783155,4757140
39,2017,調剤,3812639,4747977
39,2018,調剤,3813030,4700423
39,2019,調剤,3781261,4628812
39,2020,調剤,3537310,4252775
39,2021,調剤,3622155,4332696
39,2022,調剤,3692325,4379273
39,2023,調剤,3799184,4500219
39,2024,調剤,3771536,4456513
39,2025,調剤,3389066,3979367
40,2016,医科入院,1603282,26848832
40,2017,医科入院,1614607,26971668
40,2018,医科入院,1613496,26823133
40,2019,医科入院,1609393,26799998
40,2020,医科入院,1533113,25449799
40,2021,医科入院,1526130,25272312
40,2022,医科入院,1521602,25007678
40,2023,医科入院,1561880,25517984
40,2024,医科入院,1569091,25346554
40,2025,医科入院,1435935,23019015
40,2016,医科入院外,43407330,74730762
40,2017,医科入院外,43723987,74055519
40,2018,医科入院外,44076444,73377562
40,2019,医科入院外,44131127,72446046
40,2020,医科入院外,40373641,64591454
40,2021,医科入院外,42691572,67954747
40,2022,医科入院外,44953521,70286174
40,2023,医科入院外,46210345,71375479
40,2024,医科入院外,46441868,71141951
40,2025,医科入院外,42163279,64213688
40,2016,歯科,9371016,19473156
40,2017,歯科,9648312,19522631
40,2018,歯科,9935325,19552723
40,2019,歯科,10259936,19621892
40,2020,歯科,9411528,17861064
40,2021,歯科,10259463,18661362
40,2022,歯科,10555578,18503520
40,2023,歯科,10940717,18693577
40,2024,歯科,11241412,18651660
40,2025,歯科,10527965,17143736
40,2016,総計,54508695,122019830
40,2017,総計,55132871,121672347
40,2018,総計,55797480,121079090
40,2019,総計,56198497,120412935
40,2020,総計,51540849,109674179
40,2021,総計,54733001,113976780
40,2022,総計,57322857,116194713
40,2023,総計,59045931,118408382
40,2024,総計,59632390,118441445
40,2025,総計,54521289,107871065
40,2016,訪問看護,127067,967080
40,2017,訪問看護,145965,1122529
40,2018,訪問看護,172215,1325672
40,2019,訪問看護,198041,1544999
40,2020,訪問看護,222567,1771862
40,2021,訪問看護,255836,2088359
40,2022,訪問看護,292156,2397341
40,2023,訪問看護,332989,2821342
40,2024,訪問看護,380019,3301280
40,2025,訪問看護,394110,3494626
40,2016,調剤,29431930,39057806
40,2017,調剤,29820571,39072513
40,2018,調剤,30277331,39205045
40,2019,調剤,30522072,39144477
40,2020,調剤,28325587,35399387
40,2021,調剤,29961940,37303378
40,2022,調剤,31831830,39262125
40,2023,調剤,33354506,41113087
40,2024,調剤,33757538,41405986
40,2025,調剤,30732264,37289575
41,2016,医科入院,275499,4886875
41,2017,医科入院,275568,4875488
41,2018,医科入院,273961,4821308
41,2019,医科入院,269786,4749096
41,2020,医科入院,257252,4577201
41,2021,医科入院,257856,4505568
41,2022,医科入院,263342,4531054
41,2023,医科入院,265983,4558129
41,2024,医科入院,266549,4570312
41,2025,医科入院,242391,4171544
41,2016,医科入院外,7247149,13040740
41,2017,医科入院外,7285557,12855292
41,2018,医科入院外,7310270,12671225
41,2019,医科入院外,7312200,12495646
41,2020,医科入院外,6850399,11444566
41,2021,医科入院外,7087621,11659974
41,2022,医科入院外,7405417,11901878
41,2023,医科入院外,7548121,12018083
41,2024,医科入院外,7520233,11890622
41,2025,医科入院外,6765048,10589390
41,2016,歯科,1425182,2814595
41,2017,歯科,1466352,2815484
41,2018,歯科,1500218,2803259
41,2019,歯科,1550528,2827191
41,2020,歯科,1488503,2693390
41,2021,歯科,1561818,2727277
41,2022,歯科,1564565,2644191
41,2023,歯科,1611257,2645863
41,2024,歯科,1643516,2621960
41,2025,歯科,1534723,2392872
41,2016,総計,8964443,20868163
41,2017,総計,9048828,20694249
41,2018,総計,9107202,20456365
41,2019,総計,9157167,20247683
41,2020,総計,8626378,18923948
41,2021,総計,8941721,19134187
41,2022,総計,9271138,19342068
41,2023,総計,9466276,19518990
41,2024,総計,9474721,19409362
41,2025,総計,8587060,17490542
41,2016,訪問看護,16613,125953
41,2017,訪問看護,21351,147985
41,2018,訪問看護,22753,160573
41,2019,訪問看護,24653,175750
41,2020,訪問看護,30224,208791
41,2021,訪問看護,34426,241368
41,2022,訪問看護,37814,264945
41,2023,訪問看護,40915,296915
41,2024,訪問看護,44423,326468
41,2025,訪問看護,44898,336736
41,2016,調剤,5387327,7264053
41,2017,調剤,5431035,7214291
41,2018,調剤,5469541,7175078
41,2019,調剤,5470035,7103344
41,2020,調剤,5134017,6521632
41,2021,調剤,5274335,6634796
41,2022,調剤,5508928,6854497
41,2023,調剤,5687444,7077956
41,2024,調剤,5714097,7079764
41,2025,調剤,5202359,6374263
42,2016,医科入院,501260,8638207
42,2017,医科入院,502710,8626724
42,2018,医科入院,496045,8474039
42,2019,医科入院,488290,8357979
42,2020,医科入院,462524,7953911
42,2021,医科入院,453492,7815708
42,2022,医科入院,445155,7598904
42,2023,医科入院,453046,7721817
42,2024,医科入院,451577,7620211
42,2025,医科入院,409935,6877825
42,2016,医科入院外,12309602,21067455
42,2017,医科入院外,12244487,20572894
42,2018,医科入院外,12157747,20097149
42,2019,医科入院外,12079166,19668687
42,2020,医科入院外,11193975,17778190
42,2021,医科入院外,11422527,17944936
42,2022,医科入院外,11771668,18158292
42,2023,医科入院外,11974009,18250307
42,2024,医科入院外,11868189,17908131
42,2025,医科入院外,10679469,15979708
42,2016,歯科,2490306,4547148
42,2017,歯科,2547344,4528953
42,2018,歯科,2596617,4508250
42,2019,歯科,2657173,4498397
42,2020,歯科,2510408,4222002
42,2021,歯科,2598866,4233843
42,2022,歯科,2611469,4129407
42,2023,歯科,2659990,4118016
42,2024,歯科,2699008,4097506
42,2025,歯科,2499055,3738863
42,2016,総計,15325896,34412950
42,2017,総計,15323373,33913972
42,2018,総計,15281026,33281092
42,2019,総計,15257205,32745143
42,2020,総計,14202601,30201207
42,2021,総計,14514860,30278452
42,2022,総計,14873381,30213039
42,2023,総計,15136978,30457161
42,2024,総計,15073212,30025005
42,2025,総計,13641533,26994778
42,2016,訪問看護,24728,160140
42,2017,訪問看護,28832,185401
42,2018,訪問看護,30617,201654
42,2019,訪問看護,32576,220080
42,2020,訪問看護,35694,247104
42,2021,訪問看護,39975,283965
42,2022,訪問看護,45089,326436
42,2023,訪問看護,49933,367021
42,2024,訪問看護,54438,399157
42,2025,訪問看護,53074,398382
42,2016,調剤,8137226,10536917
42,2017,調剤,8182147,10459748
42,2018,調剤,8188047,10341626
42,2019,調剤,8244989,10327976
42,2020,調剤,7803737,9578926
42,2021,調剤,8007958,9772279
42,2022,調剤,8282561,10002294
42,2023,調剤,8553507,10297001
42,2024,調剤,8508981,10189657
42,2025,調剤,7673955,9109118
43,2016,医科入院,626989,10949806
43,2017,医科入院,626111,10903429
43,2018,医科入院,619747,10729832
43,2019,医科入院,612457,10630398
43,2020,医科入院,583512,10215291
43,2021,医科入院,580769,10031365
43,2022,医科入院,573197,9833474
43,2023,医科入院,584302,9980309
43,2024,医科入院,588048,9938502
43,2025,医科入院,533651,8983452
43,2016,医科入院外,15822962,26170725
43,2017,医科入院外,16037315,26131778
43,2018,医科入院外,15919822,25523918
43,2019,医科入院外,15850205,25027181
43,2020,医科入院外,14586156,22484426
43,2021,医科入院外,15072200,22971410
43,2022,医科入院外,15745911,23652301
43,2023,医科入院外,16064836,23851204
43,2024,医科入院外,15972283,23535086
43,2025,医科入院外,14397807,21107643
43,2016,歯科,2836066,5659719
43,2017,歯科,3006677,5767799
43,2018,歯科,3037171,5665113
43,2019,歯科,3138890,5681084
43,2020,歯科,3012022,5387041
43,2021,歯科,3214671,5488598
43,2022,歯科,3271505,5392216
43,2023,歯科,3402069,5456987
43,2024,歯科,3484292,5444766
43,2025,歯科,3261120,4974654
43,2016,総計,19316171,43000777
43,2017,総計,19705720,43070071
43,2018,総計,19616770,42219129
43,2019,総計,19648322,41686222
43,2020,総計,18235960,38502791
43,2021,総計,18930737,38974460
43,2022,総計,19662999,39447724
43,2023,総計,20136803,39988034
43,2024,総計,20144335,39752324
43,2025,総計,18297942,35960587
43,2016,訪問看護,30154,220527
43,2017,訪問看護,35617,267065
43,2018,訪問看護,40030,300266
43,2019,訪問看護,46770,347559
43,2020,訪問看護,54270,416033
43,2021,訪問看護,63097,483087
43,2022,訪問看護,72386,569733
43,2023,訪問看護,85596,699534
43,2024,訪問看護,99712,833970
43,2025,訪問看護,105364,894838
43,2016,調剤,9521609,12382918
43,2017,調剤,9681363,12419765
43,2018,調剤,9659426,12240384
43,2019,調剤,9705339,12182985
43,2020,調剤,9108511,11164227
43,2021,調剤,9427807,11483060
43,2022,調剤,9996015,12070328
43,2023,調剤,10422273,12580845
43,2024,調剤,10541557,12671404
43,2025,調剤,9594553,11428606
44,2016,医科入院,415589,6751934
44,2017,医科入院,415295,6745688
44,2018,医科入院,415177,6705309
44,2019,医科入院,413896,6668248
44,2020,医科入院,394341,6341095
44,2021,医科入院,395857,6251189
44,2022,医科入院,389097,6068699
44,2023,医科入院,394987,6175412
44,2024,医科入院,400523,6201557
44,2025,医科入院,364444,5600396
44,2016,医科入院外,9932977,16157935
44,2017,医科入院外,9916919,15920344
44,2018,医科入院外,9890460,15721859
44,2019,医科入院外,9848425,15466725
44,2020,医科入院外,9096347,14066257
44,2021,医科入院外,9416797,14431862
44,2022,医科入院外,9790739,14730761
44,2023,医科入院外,10013949,14930931
44,2024,医科入院外,9968719,14743765
44,2025,医科入院外,8995902,13207922
44,2016,歯科,1577862,3254275
44,2017,歯科,1610693,3251855
44,2018,歯科,1654869,3269878
44,2019,歯科,1711241,3277776
44,2020,歯科,1615984,3047548
44,2021,歯科,1682815,3053661
44,2022,歯科,1722547,3020783
44,2023,歯科,1770597,3003619
44,2024,歯科,1808062,2961560
44,2025,歯科,1689345,2709596
44,2016,総計,11948306,26335870
44,2017,総計,11968743,26120262
44,2018,総計,11989903,25930226
44,2019,総計,12006368,25673545
44,2020,総計,11142672,23745168
44,2021,総計,11537369,24065788
44,2022,総計,11950882,24195607
44,2023,総計,12233178,24533080
44,2024,総計,12237098,24390752
44,2025,総計,11110093,22020997
44,2016,訪問看護,21878,171726
44,2017,訪問看護,25836,202375
44,2018,訪問看護,29397,233180
44,2019,訪問看護,32806,260796
44,2020,訪問看護,36000,290268
44,2021,訪問看護,41900,329076
44,2022,訪問看護,48499,375364
44,2023,訪問看護,53645,423118
44,2024,訪問看護,59794,483870
44,2025,訪問看護,60402,503083
44,2016,調剤,6377689,8169588
44,2017,調剤,6449151,8174286
44,2018,調剤,6513791,8192595
44,2019,調剤,6560274,8202843
44,2020,調剤,6112630,7484473
44,2021,調剤,6337308,7730402
44,2022,調剤,6634526,8020557
44,2023,調剤,6924364,8375068
44,2024,調剤,6988907,8411969
44,2025,調剤,6364480,7597094
45,2016,医科入院,347899,5857373
45,2017,医科入院,348124,5807067
45,2018,医科入院,344705,5763396
45,2019,医科入院,342560,5737743
45,2020,医科入院,323546,5432785
45,2021,医科入院,322948,5376116
45,2022,医科入院,317003,5253515
45,2023,医科入院,321246,5287175
45,2024,医科入院,319013,5176646
45,2025,医科入院,288431,4661205
45,2016,医科入院外,9503076,15703262
45,2017,医科入院外,9514562,15493416
45,2018,医科入院外,9501646,15294859
45,2019,医科入院外,9485819,15122194
45,2020,医科入院外,8839357,13916094
45,2021,医科入院外,9077035,14109637
45,2022,医科入院外,9461862,14451478
45,2023,医科入院外,9653720,14650102
45,2024,医科入院外,9598056,14476477
45,2025,医科入院外,8584711,12878411
45,2016,歯科,1561515,3257975
45,2017,歯科,1600730,3258051
45,2018,歯科,1644746,3256693
45,2019,歯科,1706458,3292467
45,2020,歯科,1646340,3116432
45,2021,歯科,1723727,3104651
45,2022,歯科,1747297,3038279
45,2023,歯科,1819208,3059988
45,2024,歯科,1857841,3019667
45,2025,歯科,1737054,2765990
45,2016,総計,11440064,25010247
45,2017,総計,11495498,24779245
45,2018,総計,11526651,24559534
45,2019,総計,11574071,24428687
45,2020,総計,10852836,22777408
45,2021,総計,11171718,22933371
45,2022,総計,11578824,23115973
45,2023,総計,11852940,23428480
45,2024,総計,11840729,23179676
45,2025,総計,10676215,20829598
45,2016,訪問看護,27574,191637
45,2017,訪問看護,32082,220711
45,2018,訪問看護,35554,244586
45,2019,訪問看護,39234,276283
45,2020,訪問看護,43593,312097
45,2021,訪問看護,48008,342967
45,2022,訪問看護,52662,372701
45,2023,訪問看護,58766,431215
45,2024,訪問看護,65819,506886
45,2025,訪問看護,66019,523992
45,2016,調剤,6519954,8250806
45,2017,調剤,6552423,8211454
45,2018,調剤,6566955,8156187
45,2019,調剤,6576827,8121307
45,2020,調剤,6185951,7514765
45,2021,調剤,6358956,7703629
45,2022,調剤,6639178,7976255
45,2023,調剤,6881519,8285795
45,2024,調剤,6882785,8255846
45,2025,調剤,6153124,7299325
46,2016,医科入院,615763,11095560
46,2017,医科入院,618133,11057997
46,2018,医科入院,613359,10960123
46,2019,医科入院,610461,10890746
46,2020,医科入院,580695,10284760
46,2021,医科入院,569206,10065727
46,2022,医科入院,562309,9869874
46,2023,医科入院,565540,9876956
46,2024,医科入院,567167,9805129
46,2025,医科入院,521965,8979095
46,2016,医科入院外,14010230,23725108
46,2017,医科入院外,14022348,23426822
46,2018,医科入院外,13998867,23095847
46,2019,医科入院外,13937940,22609506
46,2020,医科入院外,13027438,20847074
46,2021,医科入院外,13376375,21147637
46,2022,医科入院外,13881263,21555972
46,2023,医科入院外,14081719,21703815
46,2024,医科入院外,13933256,21312782
46,2025,医科入院外,12667312,19205614
46,2016,歯科,2543317,5145039
46,2017,歯科,2618323,5165022
46,2018,歯科,2706756,5193352
46,2019,歯科,2797116,5203117
46,2020,歯科,2709581,4986059
46,2021,歯科,2824051,5002192
46,2022,歯科,2848673,4887779
46,2023,歯科,2923169,4872642
46,2024,歯科,2980089,4850876
46,2025,歯科,2810667,4473395
46,2016,総計,17200307,40222082
46,2017,総計,17292574,39927465
46,2018,総計,17355647,39544865
46,2019,総計,17387858,39033837
46,2020,総計,16366246,36501124
46,2021,総計,16822276,36641240
46,2022,総計,17349086,36779649
46,2023,総計,17634641,36988961
46,2024,総計,17551812,36571029
46,2025,総計,16073992,33288374
46,2016,訪問看護,30997,256375
46,2017,訪問看護,33770,277624
46,2018,訪問看護,36665,295543
46,2019,訪問看護,42341,330468
46,2020,訪問看護,48532,383231
46,2021,訪問看護,52644,425684
46,2022,訪問看護,56841,466024
46,2023,訪問看護,64213,535548
46,2024,訪問看護,71300,602242
46,2025,訪問看護,74048,630270
46,2016,調剤,9212507,11719304
46,2017,調剤,9344928,11790035
46,2018,調剤,9369933,11745990
46,2019,調剤,9380603,11679041
46,2020,調剤,8846695,10841730
46,2021,調剤,9002733,10968751
46,2022,調剤,9332656,11272083
46,2023,調剤,9753502,11800219
46,2024,調剤,9721150,11719145
46,2025,調剤,8898533,10634101
47,2016,医科入院,391737,6179032
47,2017,医科入院,395088,6179070
47,2018,医科入院,394255,6120326
47,2019,医科入院,393512,6093819
47,2020,医科入院,367881,5735232
47,2021,医科入院,360970,5633330
47,2022,医科入院,357580,5567737
47,2023,医科入院,371485,5747626
47,2024,医科入院,378145,5751332
47,2025,医科入院,355182,5331242
47,2016,医科入院外,9843753,15125972
47,2017,医科入院外,9997039,15283072
47,2018,医科入院外,10008904,15187767
47,2019,医科入院外,10226318,15343320
47,2020,医科入院外,9089174,13414799
47,2021,医科入院外,9592481,13983071
47,2022,医科入院外,10323490,14795156
47,2023,医科入院外,10560619,14978164
47,2024,医科入院外,10644669,15074251
47,2025,医科入院外,9700424,13693764
47,2016,歯科,1924745,3761222
47,2017,歯科,1979852,3789979
47,2018,歯科,2039593,3801242
47,2019,歯科,2131282,3852799
47,2020,歯科,2005117,3564974
47,2021,歯科,2108117,3590631
47,2022,歯科,2192202,3595278
47,2023,歯科,2318067,3652090
47,2024,歯科,2409805,3696106
47,2025,歯科,2284341,3410761
47,2016,総計,12183378,25251617
47,2017,総計,12400411,25481067
47,2018,総計,12476181,25381672
47,2019,総計,12790475,25616371
47,2020,総計,11506398,23095924
47,2021,総計,12114884,23667007
47,2022,総計,12942133,24551994
47,2023,総計,13333653,25128454
47,2024,総計,13532958,25443228
47,2025,総計,12446628,23423967
47,2016,訪問看護,23143,185391
47,2017,訪問看護,28432,228946
47,2018,訪問看護,33429,272337
47,2019,訪問看護,39363,326433
47,2020,訪問看護,44226,380919
47,2021,訪問看護,53316,459975
47,2022,訪問看護,68861,593823
47,2023,訪問看護,83482,750574
47,2024,訪問看護,100339,921539
47,2025,訪問看護,106681,988200
47,2016,調剤,6631539,8015883
47,2017,調剤,6811354,8173010
47,2018,調剤,6853411,8156607
47,2019,調剤,7034184,8325510
47,2020,調剤,6268282,7284155
47,2021,調剤,6525366,7559178
47,2022,調剤,7031039,8101094
47,2023,調剤,7396846,8501259
47,2024,調剤,7517503,8621934
47,2025,調剤,6841667,7800534
